trial_id,trial_mode,algorithm,comm_model,comm_level,grid_size,grid_cells,robot_count,target_count,condition_id,scenario_file,robot_id,steps_total,targets_found,task_cell_revisits,unique_cells_contributed,system_revisits_by_robot,task_cell_replans,path_replans,collision_prevention_events,blocked_task_quarantines,blocked_task_quarantine_time_s,maximum_quarantine_level,stall_recoveries,messages_sent,core_messages_sent,allocation_messages_sent,messages_delivered_to_robot,messages_dropped_to_robot,allocator_calls,allocator_time_ms_total,allocator_time_ms_mean,allocator_time_ms_median,allocator_time_ms_p95,allocator_time_ms_max,allocator_solve_time_ms_total,allocator_solve_time_ms_mean,allocator_solve_time_ms_median,allocator_solve_time_ms_p95,allocator_solve_time_ms_max,candidate_filter_calls,candidate_filter_time_ms_total,candidate_filter_time_ms_mean,candidate_filter_time_ms_median,candidate_filter_time_ms_p95,candidate_filter_time_ms_max,trial_status
0,known_visit,HIPC,ideal,1.0,19,361,4,20,targets_20_hipc_h8_ideal,C:\Users\lottj\Desktop\research\decentralized benchmark\commitment-horizon-study\scenarios\known_visit_g19_t20_n25.csv,00,14,2,0,15,0,0,0,0,0,0.0,0,0,69,30,39,238,0,93,116.5841,1.2535924731182797,1.2263,2.2831,6.5437,91.7259,0.9863,0.9231,1.9469,6.2349,93,24.8582,0.2672924731182796,0.2658,0.3551,0.4204,completed
0,known_visit,HIPC,ideal,1.0,19,361,4,20,targets_20_hipc_h8_ideal,C:\Users\lottj\Desktop\research\decentralized benchmark\commitment-horizon-study\scenarios\known_visit_g19_t20_n25.csv,01,26,7,1,24,3,0,0,0,0,0.0,0,0,79,55,24,228,0,56,136.0302,2.4291107142857142,2.2556000000000003,4.7681,7.0775,119.3631,2.1314839285714284,1.92145,4.2478,6.8139,56,16.6671,0.29762678571428575,0.3003,0.4298,0.5554,completed
0,known_visit,HIPC,ideal,1.0,19,361,4,20,targets_20_hipc_h8_ideal,C:\Users\lottj\Desktop\research\decentralized benchmark\commitment-horizon-study\scenarios\known_visit_g19_t20_n25.csv,02,3,1,0,4,0,0,0,0,0,0.0,0,0,10,8,2,297,0,127,275.6525,2.170492125984252,1.5849,5.9466,7.716,239.4726,1.8856110236220471,1.3513,5.5714,7.2018,127,36.1799,0.28488110236220476,0.2715,0.4027,0.5142,completed
0,known_visit,HIPC,ideal,1.0,19,361,4,20,targets_20_hipc_h8_ideal,C:\Users\lottj\Desktop\research\decentralized benchmark\commitment-horizon-study\scenarios\known_visit_g19_t20_n25.csv,03,39,10,0,40,0,0,0,0,0,0.0,0,0,150,79,71,158,0,17,41.7052,2.4532470588235293,0.7103,15.1676,15.1676,32.0021,1.8824764705882353,0.447,9.5762,9.5762,17,9.7031,0.570770588235294,0.2578,5.5914,5.5914,completed
1,known_visit,HIPC,ideal,1.0,19,361,4,20,targets_20_hipc_h8_ideal,C:\Users\lottj\Desktop\research\decentralized benchmark\commitment-horizon-study\scenarios\known_visit_g19_t20_n25.csv,00,9,4,0,10,0,0,0,0,0,0.0,0,0,31,20,11,188,0,104,74.7551,0.7187990384615385,0.28464999999999996,2.9585,10.9769,55.9295,0.5377836538461538,0.1392,2.6297,10.5544,104,18.8256,0.18101538461538463,0.14495,0.3118,0.5365,completed
1,known_visit,HIPC,ideal,1.0,19,361,4,20,targets_20_hipc_h8_ideal,C:\Users\lottj\Desktop\research\decentralized benchmark\commitment-horizon-study\scenarios\known_visit_g19_t20_n25.csv,01,16,6,0,17,0,0,0,0,0,0.0,0,0,56,34,22,163,0,84,52.5017,0.6250202380952381,0.27244999999999997,2.2481,10.8399,37.8767,0.45091309523809525,0.1254,1.9753,10.4251,84,14.625,0.17410714285714285,0.1434,0.4037,0.4342,completed
1,known_visit,HIPC,ideal,1.0,19,361,4,20,targets_20_hipc_h8_ideal,C:\Users\lottj\Desktop\research\decentralized benchmark\commitment-horizon-study\scenarios\known_visit_g19_t20_n25.csv,02,37,8,0,37,1,0,0,0,0,0.0,0,0,119,75,44,101,0,16,19.1307,1.19566875,0.4589,4.5523,4.5523,15.1899,0.94936875,0.26015,4.291,4.291,16,3.9408,0.2463,0.22060000000000002,0.4334,0.4334,completed
1,known_visit,HIPC,ideal,1.0,19,361,4,20,targets_20_hipc_h8_ideal,C:\Users\lottj\Desktop\research\decentralized benchmark\commitment-horizon-study\scenarios\known_visit_g19_t20_n25.csv,03,4,2,0,5,0,0,0,0,0,0.0,0,0,14,10,4,205,0,119,115.784,0.9729747899159664,0.2887,4.1503,8.0291,92.93599999999999,0.7809747899159664,0.1412,3.8956,7.6139,119,22.848,0.192,0.1496,0.3495,0.4423,completed
2,known_visit,HIPC,ideal,1.0,19,361,4,20,targets_20_hipc_h8_ideal,C:\Users\lottj\Desktop\research\decentralized benchmark\commitment-horizon-study\scenarios\known_visit_g19_t20_n25.csv,00,7,3,0,8,0,0,0,0,0,0.0,0,0,23,16,7,248,0,102,146.9939,1.4411166666666666,1.1646,4.4322,7.651,123.816,1.2138823529411764,0.87825,4.1008,7.2058,102,23.1779,0.22723431372549022,0.20415,0.3835,0.4452,completed
2,known_visit,HIPC,ideal,1.0,19,361,4,20,targets_20_hipc_h8_ideal,C:\Users\lottj\Desktop\research\decentralized benchmark\commitment-horizon-study\scenarios\known_visit_g19_t20_n25.csv,01,3,0,0,4,0,0,0,0,0,0.0,0,0,14,8,6,257,0,116,209.0032,1.801751724137931,1.3045,6.3823,7.7414,181.5434,1.5650293103448276,0.97685,5.985,7.3032,116,27.4598,0.23672241379310346,0.21325,0.4141,0.5378,completed
2,known_visit,HIPC,ideal,1.0,19,361,4,20,targets_20_hipc_h8_ideal,C:\Users\lottj\Desktop\research\decentralized benchmark\commitment-horizon-study\scenarios\known_visit_g19_t20_n25.csv,02,35,8,0,36,0,1,0,0,0,0.0,0,0,116,71,45,156,0,17,23.537300000000002,1.3845470588235296,0.8429,8.7024,8.7024,19.2774,1.133964705882353,0.5913,8.4065,8.4065,17,4.2599,0.2505823529411765,0.2207,0.4346,0.4346,completed
2,known_visit,HIPC,ideal,1.0,19,361,4,20,targets_20_hipc_h8_ideal,C:\Users\lottj\Desktop\research\decentralized benchmark\commitment-horizon-study\scenarios\known_visit_g19_t20_n25.csv,03,31,9,0,32,0,0,0,0,0,0.0,0,0,119,64,55,152,0,29,28.5423,0.9842172413793103,0.3617,4.9321,5.2086,22.250600000000002,0.7672620689655173,0.1541,4.5438,4.9602,29,6.2917000000000005,0.2169551724137931,0.2016,0.4122,0.4257,completed
3,known_visit,HIPC,ideal,1.0,19,361,4,20,targets_20_hipc_h8_ideal,C:\Users\lottj\Desktop\research\decentralized benchmark\commitment-horizon-study\scenarios\known_visit_g19_t20_n25.csv,00,50,10,0,51,0,0,0,0,0,0.0,0,0,177,101,76,136,0,19,34.06,1.7926315789473686,0.7175,9.2232,9.2232,29.0679,1.5298894736842106,0.3921,8.816,8.816,19,4.9921,0.2627421052631579,0.2721,0.4072,0.4072,completed
3,known_visit,HIPC,ideal,1.0,19,361,4,20,targets_20_hipc_h8_ideal,C:\Users\lottj\Desktop\research\decentralized benchmark\commitment-horizon-study\scenarios\known_visit_g19_t20_n25.csv,01,2,1,0,3,0,0,0,0,0,0.0,0,0,8,6,2,304,0,171,293.1066,1.7140736842105264,0.9063,5.3888,6.2266,250.4552,1.4646502923976608,0.6503,5.0319,5.8964,171,42.6514,0.24942339181286552,0.2447,0.4037,0.4637,completed
3,known_visit,HIPC,ideal,1.0,19,361,4,20,targets_20_hipc_h8_ideal,C:\Users\lottj\Desktop\research\decentralized benchmark\commitment-horizon-study\scenarios\known_visit_g19_t20_n25.csv,02,20,7,0,21,0,0,0,0,0,0.0,0,0,95,42,53,217,0,112,81.5493,0.72811875,0.68365,1.5124,3.0412,56.1378,0.5012303571428571,0.45405,1.2243,2.7683,112,25.4115,0.22688839285714285,0.23985,0.308,0.4129,completed
3,known_visit,HIPC,ideal,1.0,19,361,4,20,targets_20_hipc_h8_ideal,C:\Users\lottj\Desktop\research\decentralized benchmark\commitment-horizon-study\scenarios\known_visit_g19_t20_n25.csv,03,3,2,0,4,0,0,0,0,0,0.0,0,0,33,8,25,279,0,167,272.18,1.629820359281437,0.8831,5.6183,9.7476,230.7638,1.3818191616766466,0.6481,5.2379,9.3361,167,41.4162,0.24800119760479045,0.2429,0.3804,0.4596,completed
4,known_visit,HIPC,ideal,1.0,19,361,4,20,targets_20_hipc_h8_ideal,C:\Users\lottj\Desktop\research\decentralized benchmark\commitment-horizon-study\scenarios\known_visit_g19_t20_n25.csv,00,39,10,0,39,1,0,0,0,0,0.0,0,0,139,79,60,135,0,19,25.2284,1.3278105263157896,0.6435,7.7342,7.7342,19.8827,1.0464578947368421,0.3659,7.4457,7.4457,19,5.3457,0.28135263157894735,0.2623,0.4413,0.4413,completed
4,known_visit,HIPC,ideal,1.0,19,361,4,20,targets_20_hipc_h8_ideal,C:\Users\lottj\Desktop\research\decentralized benchmark\commitment-horizon-study\scenarios\known_visit_g19_t20_n25.csv,01,30,6,0,31,0,0,0,0,0,0.0,0,0,81,62,19,192,0,47,46.9684,0.9993276595744681,0.4014,3.6013,9.6232,36.0375,0.7667553191489362,0.1693,3.3298,9.2194,47,10.9309,0.2325723404255319,0.2138,0.3804,0.45,completed
4,known_visit,HIPC,ideal,1.0,19,361,4,20,targets_20_hipc_h8_ideal,C:\Users\lottj\Desktop\research\decentralized benchmark\commitment-horizon-study\scenarios\known_visit_g19_t20_n25.csv,02,3,2,0,4,0,0,0,0,0,0.0,0,0,17,8,9,256,0,132,205.4555,1.5564810606060606,0.8605,5.6749,9.7236,173.5015,1.314405303030303,0.65085,5.2826,9.3227,132,31.954,0.24207575757575758,0.22065,0.3998,0.5285,completed
4,known_visit,HIPC,ideal,1.0,19,361,4,20,targets_20_hipc_h8_ideal,C:\Users\lottj\Desktop\research\decentralized benchmark\commitment-horizon-study\scenarios\known_visit_g19_t20_n25.csv,03,7,2,0,8,0,0,0,0,0,0.0,0,0,37,16,21,236,0,120,131.1045,1.0925375,0.77515,2.4235,4.493,103.2522,0.8604350000000001,0.57855,2.1307,4.2434,120,27.8523,0.2321025,0.21935,0.3267,0.4327,completed
5,known_visit,HIPC,ideal,1.0,19,361,4,20,targets_20_hipc_h8_ideal,C:\Users\lottj\Desktop\research\decentralized benchmark\commitment-horizon-study\scenarios\known_visit_g19_t20_n25.csv,00,47,10,0,48,0,0,0,0,0,0.0,0,0,161,95,66,210,0,18,33.5042,1.8613444444444442,0.82555,9.8306,9.8306,28.3052,1.572511111111111,0.5819,9.2217,9.2217,18,5.199,0.28883333333333333,0.2374,0.6089,0.6089,completed
5,known_visit,HIPC,ideal,1.0,19,361,4,20,targets_20_hipc_h8_ideal,C:\Users\lottj\Desktop\research\decentralized benchmark\commitment-horizon-study\scenarios\known_visit_g19_t20_n25.csv,01,28,8,0,29,0,0,0,0,0,0.0,0,0,118,58,60,252,0,83,62.2953,0.7505457831325301,0.3559,2.8279,7.1341,44.138,0.5317831325301204,0.1565,2.5926,6.6967,83,18.1573,0.21876265060240963,0.203,0.3003,0.4906,completed
5,known_visit,HIPC,ideal,1.0,19,361,4,20,targets_20_hipc_h8_ideal,C:\Users\lottj\Desktop\research\decentralized benchmark\commitment-horizon-study\scenarios\known_visit_g19_t20_n25.csv,02,8,2,0,9,0,0,0,0,0,0.0,0,0,54,18,36,316,0,143,215.2901,1.5055251748251748,0.6669,4.0595,6.7446,181.6951,1.270595104895105,0.4358,3.6905,6.4682,143,33.595,0.23493006993006993,0.2183,0.3255,0.4341,completed
5,known_visit,HIPC,ideal,1.0,19,361,4,20,targets_20_hipc_h8_ideal,C:\Users\lottj\Desktop\research\decentralized benchmark\commitment-horizon-study\scenarios\known_visit_g19_t20_n25.csv,03,6,0,0,7,0,0,0,0,0,0.0,0,0,38,14,24,332,0,151,195.5286,1.294891390728477,0.6935,3.0478,9.1768,158.4263,1.0491807947019867,0.4621,2.7781,8.7513,151,37.1023,0.24571059602649006,0.2241,0.4147,0.4616,completed
6,known_visit,HIPC,ideal,1.0,19,361,4,20,targets_20_hipc_h8_ideal,C:\Users\lottj\Desktop\research\decentralized benchmark\commitment-horizon-study\scenarios\known_visit_g19_t20_n25.csv,00,6,1,0,7,0,0,0,0,0,0.0,0,0,39,14,25,318,0,189,314.5656,1.664368253968254,0.4366,5.7647,9.133,269.1649,1.42415291005291,0.2168,5.3945,8.7355,189,45.4007,0.2402153439153439,0.2374,0.3689,0.3975,completed
6,known_visit,HIPC,ideal,1.0,19,361,4,20,targets_20_hipc_h8_ideal,C:\Users\lottj\Desktop\research\decentralized benchmark\commitment-horizon-study\scenarios\known_visit_g19_t20_n25.csv,01,58,14,0,59,0,0,0,0,0,0.0,0,0,197,117,80,161,0,19,30.5624,1.6085473684210527,0.7977,9.1698,9.1698,25.224899999999998,1.3276263157894737,0.5033,8.7732,8.7732,19,5.3375,0.28092105263157896,0.291,0.4035,0.4035,completed
6,known_visit,HIPC,ideal,1.0,19,361,4,20,targets_20_hipc_h8_ideal,C:\Users\lottj\Desktop\research\decentralized benchmark\commitment-horizon-study\scenarios\known_visit_g19_t20_n25.csv,02,1,0,0,2,0,0,0,0,0,0.0,0,0,13,4,9,344,0,204,430.2459,2.1090485294117647,0.9959,7.9512,8.9609,379.0468,1.858072549019608,0.735,7.5334,8.5703,204,51.1991,0.25097598039215685,0.25895,0.3859,0.4531,completed
6,known_visit,HIPC,ideal,1.0,19,361,4,20,targets_20_hipc_h8_ideal,C:\Users\lottj\Desktop\research\decentralized benchmark\commitment-horizon-study\scenarios\known_visit_g19_t20_n25.csv,03,31,5,0,32,0,0,0,0,0,0.0,0,0,109,64,45,248,0,109,68.8839,0.6319623853211009,0.2907,2.7056,8.9082,46.497,0.42657798165137617,0.0863,2.3967,8.5205,109,22.3869,0.20538440366972477,0.2031,0.3751,0.4156,completed
7,known_visit,HIPC,ideal,1.0,19,361,4,20,targets_20_hipc_h8_ideal,C:\Users\lottj\Desktop\research\decentralized benchmark\commitment-horizon-study\scenarios\known_visit_g19_t20_n25.csv,00,0,0,0,1,0,0,0,0,0,0.0,0,0,1,1,0,329,0,148,445.8345,3.0123952702702703,2.30405,7.7523,9.1559,405.793,2.741844594594595,2.04815,7.4029,8.7666,148,40.0415,0.27055067567567564,0.2535,0.3775,0.3935,completed
7,known_visit,HIPC,ideal,1.0,19,361,4,20,targets_20_hipc_h8_ideal,C:\Users\lottj\Desktop\research\decentralized benchmark\commitment-horizon-study\scenarios\known_visit_g19_t20_n25.csv,01,37,8,0,38,0,0,0,0,0,0.0,0,0,130,76,54,200,0,31,35.4931,1.1449387096774193,0.5316,3.0369,8.8529,28.0208,0.9038967741935484,0.2909,2.696,8.4886,31,7.4723,0.24104193548387096,0.2268,0.3643,0.3748,completed
7,known_visit,HIPC,ideal,1.0,19,361,4,20,targets_20_hipc_h8_ideal,C:\Users\lottj\Desktop\research\decentralized benchmark\commitment-horizon-study\scenarios\known_visit_g19_t20_n25.csv,02,42,10,0,43,0,1,0,0,0,0.0,0,0,159,85,74,172,0,19,48.5405,2.5547631578947367,0.9909,8.5275,8.5275,43.2876,2.278294736842105,0.7067,8.1717,8.1717,19,5.2529,0.2764684210526316,0.2842,0.3825,0.3825,completed
7,known_visit,HIPC,ideal,1.0,19,361,4,20,targets_20_hipc_h8_ideal,C:\Users\lottj\Desktop\research\decentralized benchmark\commitment-horizon-study\scenarios\known_visit_g19_t20_n25.csv,03,9,2,0,10,0,1,0,0,0,0.0,0,0,41,21,20,289,0,123,270.9851,2.203130894308943,1.4712,6.5793,7.828,239.5493,1.9475552845528454,1.2287,6.2456,7.4753,123,31.4358,0.25557560975609755,0.2493,0.3307,0.419,completed
8,known_visit,HIPC,ideal,1.0,19,361,4,20,targets_20_hipc_h8_ideal,C:\Users\lottj\Desktop\research\decentralized benchmark\commitment-horizon-study\scenarios\known_visit_g19_t20_n25.csv,00,25,8,0,26,0,1,0,0,0,0.0,0,0,98,52,46,164,0,66,54.2117,0.8213893939393939,0.42665,2.2312,9.5624,37.7536,0.5720242424242424,0.21489999999999998,1.8384,9.1625,66,16.4581,0.24936515151515154,0.2098,0.4138,0.9216,completed
8,known_visit,HIPC,ideal,1.0,19,361,4,20,targets_20_hipc_h8_ideal,C:\Users\lottj\Desktop\research\decentralized benchmark\commitment-horizon-study\scenarios\known_visit_g19_t20_n25.csv,01,4,1,0,5,0,0,0,0,0,0.0,0,0,14,10,4,248,0,128,205.3125,1.60400390625,0.871,4.5192,8.7882,173.6997,1.35702890625,0.6253,4.2022,8.3758,128,31.6128,0.246975,0.24764999999999998,0.317,0.415,completed
8,known_visit,HIPC,ideal,1.0,19,361,4,20,targets_20_hipc_h8_ideal,C:\Users\lottj\Desktop\research\decentralized benchmark\commitment-horizon-study\scenarios\known_visit_g19_t20_n25.csv,02,3,1,0,4,0,0,0,0,0,0.0,0,0,18,8,10,244,0,130,220.0725,1.6928653846153845,1.0149,5.0601,7.8846,187.1066,1.4392815384615383,0.70645,4.7263,7.4822,130,32.9659,0.25358384615384616,0.25315,0.4024,0.5281,completed
8,known_visit,HIPC,ideal,1.0,19,361,4,20,targets_20_hipc_h8_ideal,C:\Users\lottj\Desktop\research\decentralized benchmark\commitment-horizon-study\scenarios\known_visit_g19_t20_n25.csv,03,40,10,0,41,0,0,0,0,0,0.0,0,0,133,81,52,130,0,17,27.0733,1.5925470588235293,0.7589,9.3668,9.3668,22.2386,1.3081529411764707,0.4901,8.9471,8.9471,17,4.8347,0.2843941176470588,0.2682,0.4443,0.4443,completed
9,known_visit,HIPC,ideal,1.0,19,361,4,20,targets_20_hipc_h8_ideal,C:\Users\lottj\Desktop\research\decentralized benchmark\commitment-horizon-study\scenarios\known_visit_g19_t20_n25.csv,00,19,5,0,20,0,0,0,0,0,0.0,0,0,85,40,45,236,0,95,72.7689,0.7659884210526317,0.388,2.1588,9.5164,53.1592,0.5595705263157894,0.197,1.8332,9.016,95,19.6097,0.2064178947368421,0.1866,0.3048,0.5004,completed
9,known_visit,HIPC,ideal,1.0,19,361,4,20,targets_20_hipc_h8_ideal,C:\Users\lottj\Desktop\research\decentralized benchmark\commitment-horizon-study\scenarios\known_visit_g19_t20_n25.csv,01,43,10,1,40,4,0,0,0,0,0.0,0,0,153,87,66,169,0,17,31.334,1.8431764705882352,0.5147,10.1713,10.1713,26.6903,1.5700176470588236,0.253,9.7565,9.7565,17,4.6437,0.2731588235294118,0.2617,0.4432,0.4432,completed
9,known_visit,HIPC,ideal,1.0,19,361,4,20,targets_20_hipc_h8_ideal,C:\Users\lottj\Desktop\research\decentralized benchmark\commitment-horizon-study\scenarios\known_visit_g19_t20_n25.csv,02,1,0,0,2,0,0,0,0,0,0.0,0,0,13,4,9,308,0,149,280.7049,1.8839255033557047,0.8098,7.1228,9.3481,244.2488,1.6392536912751676,0.5877,6.7274,8.9538,149,36.4561,0.2446718120805369,0.2221,0.391,0.4228,completed
9,known_visit,HIPC,ideal,1.0,19,361,4,20,targets_20_hipc_h8_ideal,C:\Users\lottj\Desktop\research\decentralized benchmark\commitment-horizon-study\scenarios\known_visit_g19_t20_n25.csv,03,23,5,0,24,0,0,0,0,0,0.0,0,0,71,49,22,250,0,82,109.0942,1.3304170731707317,0.37445,4.4479,9.665,91.0884,1.1108341463414633,0.19035000000000002,4.1334,9.274,82,18.0058,0.2195829268292683,0.18614999999999998,0.3604,0.3919,completed
10,known_visit,HIPC,ideal,1.0,19,361,4,20,targets_20_hipc_h8_ideal,C:\Users\lottj\Desktop\research\decentralized benchmark\commitment-horizon-study\scenarios\known_visit_g19_t20_n25.csv,00,10,2,0,11,0,0,0,0,0,0.0,0,0,30,22,8,237,0,97,136.6531,1.4087948453608248,0.8257,5.3496,8.7599,113.735,1.1725257731958763,0.5686,4.9702,8.393,97,22.9181,0.23626907216494844,0.2228,0.3593,0.4195,completed
10,known_visit,HIPC,ideal,1.0,19,361,4,20,targets_20_hipc_h8_ideal,C:\Users\lottj\Desktop\research\decentralized benchmark\commitment-horizon-study\scenarios\known_visit_g19_t20_n25.csv,01,36,11,0,37,0,0,0,0,0,0.0,0,0,136,73,63,132,0,18,30.5654,1.6980777777777778,0.7889,8.72,8.72,25.708299999999998,1.4282388888888888,0.5320499999999999,8.4081,8.4081,18,4.8571,0.2698388888888889,0.23765,0.4039,0.4039,completed
10,known_visit,HIPC,ideal,1.0,19,361,4,20,targets_20_hipc_h8_ideal,C:\Users\lottj\Desktop\research\decentralized benchmark\commitment-horizon-study\scenarios\known_visit_g19_t20_n25.csv,02,1,0,0,2,0,0,0,0,0,0.0,0,0,13,4,9,254,0,123,248.1315,2.017329268292683,1.1979,6.1859,8.5267,217.6332,1.7693756097560975,0.9536,5.8185,8.0829,123,30.4983,0.24795365853658538,0.2247,0.4011,0.4653,completed
10,known_visit,HIPC,ideal,1.0,19,361,4,20,targets_20_hipc_h8_ideal,C:\Users\lottj\Desktop\research\decentralized benchmark\commitment-horizon-study\scenarios\known_visit_g19_t20_n25.csv,03,25,7,0,26,0,0,0,0,0,0.0,0,0,89,52,37,178,0,52,44.0348,0.8468230769230769,0.47995,2.3554,8.1661,32.0083,0.6155442307692307,0.28715,1.9766,7.8077,52,12.0265,0.23127884615384617,0.2079,0.3894,0.4053,completed
11,known_visit,HIPC,ideal,1.0,19,361,4,20,targets_20_hipc_h8_ideal,C:\Users\lottj\Desktop\research\decentralized benchmark\commitment-horizon-study\scenarios\known_visit_g19_t20_n25.csv,00,3,0,0,4,0,0,0,0,0,0.0,0,0,13,8,5,326,0,151,256.7728,1.7004821192052981,0.7295,5.8602,7.9607,222.154,1.4712185430463576,0.5474,5.4852,7.6059,151,34.6188,0.22926357615894039,0.2049,0.3727,0.4833,completed
11,known_visit,HIPC,ideal,1.0,19,361,4,20,targets_20_hipc_h8_ideal,C:\Users\lottj\Desktop\research\decentralized benchmark\commitment-horizon-study\scenarios\known_visit_g19_t20_n25.csv,01,24,6,0,25,0,2,0,0,0,0.0,0,0,91,51,40,248,0,85,121.4877,1.4292670588235294,0.4729,7.0435,7.8128,102.33879999999999,1.203985882352941,0.2767,6.6667,7.4388,85,19.1489,0.22528117647058826,0.1948,0.3684,0.4054,completed
11,known_visit,HIPC,ideal,1.0,19,361,4,20,targets_20_hipc_h8_ideal,C:\Users\lottj\Desktop\research\decentralized benchmark\commitment-horizon-study\scenarios\known_visit_g19_t20_n25.csv,02,46,12,0,47,0,0,0,0,0,0.0,0,0,165,93,72,175,0,20,31.5552,1.57776,0.8325,5.5944,7.6052,26.4706,1.32353,0.57735,5.2606,7.2533,20,5.0846,0.25423,0.23875,0.3673,0.3935,completed
11,known_visit,HIPC,ideal,1.0,19,361,4,20,targets_20_hipc_h8_ideal,C:\Users\lottj\Desktop\research\decentralized benchmark\commitment-horizon-study\scenarios\known_visit_g19_t20_n25.csv,03,13,2,0,14,0,0,0,0,0,0.0,0,0,71,29,42,268,0,121,136.7629,1.1302719008264464,0.6183,2.9908,4.1518,110.3851,0.9122735537190082,0.403,2.7707,3.871,121,26.3778,0.217998347107438,0.1973,0.3452,0.3777,completed
12,known_visit,HIPC,ideal,1.0,19,361,4,20,targets_20_hipc_h8_ideal,C:\Users\lottj\Desktop\research\decentralized benchmark\commitment-horizon-study\scenarios\known_visit_g19_t20_n25.csv,00,28,7,0,29,0,0,0,0,0,0.0,0,0,110,58,52,181,0,72,51.3475,0.7131597222222221,0.4645,2.5001,9.6623,36.5205,0.5072291666666666,0.2704,2.1521,9.2629,72,14.827,0.20593055555555556,0.1938,0.3277,0.3994,completed
12,known_visit,HIPC,ideal,1.0,19,361,4,20,targets_20_hipc_h8_ideal,C:\Users\lottj\Desktop\research\decentralized benchmark\commitment-horizon-study\scenarios\known_visit_g19_t20_n25.csv,01,43,10,0,44,0,0,0,0,0,0.0,0,0,139,87,52,153,0,18,26.3358,1.4630999999999998,0.563,9.6063,9.6063,21.9836,1.221311111111111,0.34985,9.2078,9.2078,18,4.3522,0.2417888888888889,0.2125,0.3985,0.3985,completed
12,known_visit,HIPC,ideal,1.0,19,361,4,20,targets_20_hipc_h8_ideal,C:\Users\lottj\Desktop\research\decentralized benchmark\commitment-horizon-study\scenarios\known_visit_g19_t20_n25.csv,02,1,1,0,2,0,0,0,0,0,0.0,0,0,6,4,2,285,0,151,285.5542,1.891087417218543,0.7954,6.8585,9.2807,251.41310000000001,1.664987417218543,0.6018,6.5128,8.89,151,34.1411,0.22610000000000002,0.1979,0.3513,0.4103,completed
12,known_visit,HIPC,ideal,1.0,19,361,4,20,targets_20_hipc_h8_ideal,C:\Users\lottj\Desktop\research\decentralized benchmark\commitment-horizon-study\scenarios\known_visit_g19_t20_n25.csv,03,8,2,0,9,0,0,0,0,0,0.0,0,0,37,18,19,254,0,130,146.9775,1.1305961538461538,0.5326,3.5344,6.4405,120.1713,0.9243946153846154,0.35409999999999997,3.3007,6.1005,130,26.8062,0.20620153846153846,0.195,0.2775,0.4153,completed
13,known_visit,HIPC,ideal,1.0,19,361,4,20,targets_20_hipc_h8_ideal,C:\Users\lottj\Desktop\research\decentralized benchmark\commitment-horizon-study\scenarios\known_visit_g19_t20_n25.csv,00,1,1,0,2,0,0,0,0,0,0.0,0,0,6,4,2,301,0,212,330.481,1.5588726415094338,0.47745,5.7927,8.9029,282.8908,1.334390566037736,0.27680000000000005,5.4318,8.4906,212,47.5902,0.22448207547169813,0.203,0.3583,0.5961,completed
13,known_visit,HIPC,ideal,1.0,19,361,4,20,targets_20_hipc_h8_ideal,C:\Users\lottj\Desktop\research\decentralized benchmark\commitment-horizon-study\scenarios\known_visit_g19_t20_n25.csv,01,62,10,2,58,5,0,0,0,0,0.0,0,0,185,125,60,123,0,18,19.1995,1.066638888888889,0.7118500000000001,3.4785,3.4785,14.4613,0.8034055555555555,0.4788,3.1366,3.1366,18,4.7382,0.2632333333333333,0.2505,0.4355,0.4355,completed
13,known_visit,HIPC,ideal,1.0,19,361,4,20,targets_20_hipc_h8_ideal,C:\Users\lottj\Desktop\research\decentralized benchmark\commitment-horizon-study\scenarios\known_visit_g19_t20_n25.csv,02,3,1,0,4,0,0,0,0,0,0.0,0,0,18,8,10,289,0,207,296.1918,1.4308782608695652,0.4696,5.6684,8.7064,250.9789,1.2124584541062802,0.2735,5.3145,8.3508,207,45.2129,0.218419806763285,0.201,0.3388,0.3592,completed
13,known_visit,HIPC,ideal,1.0,19,361,4,20,targets_20_hipc_h8_ideal,C:\Users\lottj\Desktop\research\decentralized benchmark\commitment-horizon-study\scenarios\known_visit_g19_t20_n25.csv,03,25,8,0,26,0,0,0,0,0,0.0,0,0,99,52,47,208,0,139,69.4509,0.4996467625899281,0.323,1.4133,8.8635,42.6684,0.3069669064748201,0.1456,1.1381,8.5037,139,26.7825,0.1926798561151079,0.1842,0.266,0.3598,completed
14,known_visit,HIPC,ideal,1.0,19,361,4,20,targets_20_hipc_h8_ideal,C:\Users\lottj\Desktop\research\decentralized benchmark\commitment-horizon-study\scenarios\known_visit_g19_t20_n25.csv,00,32,8,0,33,0,0,0,0,0,0.0,0,0,101,65,36,175,0,17,26.0951,1.535005882352941,0.9275,8.2793,8.2793,21.628700000000002,1.2722764705882355,0.7123,7.9283,7.9283,17,4.4664,0.2627294117647059,0.2479,0.4101,0.4101,completed
14,known_visit,HIPC,ideal,1.0,19,361,4,20,targets_20_hipc_h8_ideal,C:\Users\lottj\Desktop\research\decentralized benchmark\commitment-horizon-study\scenarios\known_visit_g19_t20_n25.csv,01,25,7,0,26,0,0,0,0,0,0.0,0,0,92,52,40,183,0,38,38.3928,1.0103368421052632,0.3076,3.0171,8.2092,29.7526,0.7829631578947369,0.11175,2.6463,7.8565,38,8.6402,0.2273736842105263,0.19885,0.3527,0.3708,completed
14,known_visit,HIPC,ideal,1.0,19,361,4,20,targets_20_hipc_h8_ideal,C:\Users\lottj\Desktop\research\decentralized benchmark\commitment-horizon-study\scenarios\known_visit_g19_t20_n25.csv,02,1,1,0,2,0,0,0,0,0,0.0,0,0,6,4,2,269,0,108,315.2065,2.918578703703704,2.7556,7.5825,8.1759,286.8761,2.6562601851851855,2.51395,7.2376,7.818,108,28.3304,0.2623185185185185,0.2561,0.3822,0.4064,completed
14,known_visit,HIPC,ideal,1.0,19,361,4,20,targets_20_hipc_h8_ideal,C:\Users\lottj\Desktop\research\decentralized benchmark\commitment-horizon-study\scenarios\known_visit_g19_t20_n25.csv,03,24,4,0,25,0,2,0,0,0,0.0,0,0,77,50,27,198,0,40,55.212,1.3803,0.30625,5.5473,7.6621,46.0395,1.1509874999999998,0.1122,5.1639,7.3117,40,9.1725,0.22931249999999997,0.1945,0.3709,0.3834,completed
15,known_visit,HIPC,ideal,1.0,19,361,4,20,targets_20_hipc_h8_ideal,C:\Users\lottj\Desktop\research\decentralized benchmark\commitment-horizon-study\scenarios\known_visit_g19_t20_n25.csv,00,19,3,1,17,3,0,0,0,0,0.0,0,0,60,40,20,251,0,98,63.9784,0.6528408163265306,0.3513,2.9552,8.432,40.2926,0.4111489795918367,0.10485,2.6062,8.063,98,23.6858,0.24169183673469388,0.2409,0.2914,0.369,completed
15,known_visit,HIPC,ideal,1.0,19,361,4,20,targets_20_hipc_h8_ideal,C:\Users\lottj\Desktop\research\decentralized benchmark\commitment-horizon-study\scenarios\known_visit_g19_t20_n25.csv,01,30,7,0,31,0,0,0,0,0,0.0,0,0,107,62,45,204,0,65,38.888,0.598276923076923,0.3049,2.038,9.0408,23.5191,0.36183230769230773,0.0882,1.6673,8.6295,65,15.3689,0.2364446153846154,0.2161,0.3416,0.4113,completed
15,known_visit,HIPC,ideal,1.0,19,361,4,20,targets_20_hipc_h8_ideal,C:\Users\lottj\Desktop\research\decentralized benchmark\commitment-horizon-study\scenarios\known_visit_g19_t20_n25.csv,02,45,10,0,46,0,1,0,0,0,0.0,0,0,144,91,53,168,0,18,40.2724,2.2373555555555553,0.7509999999999999,8.3296,8.3296,35.1942,1.9552333333333334,0.47985,7.9617,7.9617,18,5.0782,0.2821222222222222,0.2765,0.4006,0.4006,completed
15,known_visit,HIPC,ideal,1.0,19,361,4,20,targets_20_hipc_h8_ideal,C:\Users\lottj\Desktop\research\decentralized benchmark\commitment-horizon-study\scenarios\known_visit_g19_t20_n25.csv,03,0,0,0,1,0,0,0,0,0,0.0,0,0,1,1,0,310,0,157,401.307,2.556095541401274,0.5079,8.6494,9.0959,358.0839,2.2807891719745226,0.249,8.2651,8.6848,157,43.2231,0.27530636942675163,0.2602,0.3946,0.4264,completed
16,known_visit,HIPC,ideal,1.0,19,361,4,20,targets_20_hipc_h8_ideal,C:\Users\lottj\Desktop\research\decentralized benchmark\commitment-horizon-study\scenarios\known_visit_g19_t20_n25.csv,00,24,7,0,25,0,0,0,0,0,0.0,0,0,79,50,29,141,0,37,34.8728,0.942508108108108,0.3554,3.136,11.1234,26.2633,0.7098189189189189,0.1522,2.7294,10.7031,37,8.6095,0.2326891891891892,0.2032,0.4129,0.4203,completed
16,known_visit,HIPC,ideal,1.0,19,361,4,20,targets_20_hipc_h8_ideal,C:\Users\lottj\Desktop\research\decentralized benchmark\commitment-horizon-study\scenarios\known_visit_g19_t20_n25.csv,01,5,3,0,6,0,0,0,0,0,0.0,0,0,19,12,7,201,0,95,151.5376,1.5951326315789474,1.0115,3.8968,10.3797,128.1401,1.3488431578947366,0.7853,3.582,9.9591,95,23.3975,0.24628947368421053,0.2349,0.324,0.4206,completed
16,known_visit,HIPC,ideal,1.0,19,361,4,20,targets_20_hipc_h8_ideal,C:\Users\lottj\Desktop\research\decentralized benchmark\commitment-horizon-study\scenarios\known_visit_g19_t20_n25.csv,02,32,8,0,33,0,0,0,0,0,0.0,0,0,101,65,36,120,0,16,26.4316,1.651975,0.80705,10.5746,10.5746,22.0296,1.37685,0.5502,10.1678,10.1678,16,4.402,0.275125,0.25685,0.4104,0.4104,completed
16,known_visit,HIPC,ideal,1.0,19,361,4,20,targets_20_hipc_h8_ideal,C:\Users\lottj\Desktop\research\decentralized benchmark\commitment-horizon-study\scenarios\known_visit_g19_t20_n25.csv,03,8,2,0,9,0,0,0,0,0,0.0,0,0,22,18,4,198,0,89,130.2209,1.463156179775281,0.8002,3.7877,10.0796,108.6702,1.2210134831460673,0.5837,3.4793,9.6673,89,21.5507,0.24214269662921348,0.2324,0.3223,0.4167,completed
17,known_visit,HIPC,ideal,1.0,19,361,4,20,targets_20_hipc_h8_ideal,C:\Users\lottj\Desktop\research\decentralized benchmark\commitment-horizon-study\scenarios\known_visit_g19_t20_n25.csv,00,36,10,0,37,0,0,0,0,0,0.0,0,0,125,73,52,166,0,19,28.113,1.4796315789473684,0.7564,9.6395,9.6395,23.1488,1.218357894736842,0.5017,9.2498,9.2498,19,4.9642,0.2612736842105263,0.2547,0.4006,0.4006,completed
17,known_visit,HIPC,ideal,1.0,19,361,4,20,targets_20_hipc_h8_ideal,C:\Users\lottj\Desktop\research\decentralized benchmark\commitment-horizon-study\scenarios\known_visit_g19_t20_n25.csv,01,13,2,0,14,0,2,0,0,0,0.0,0,0,36,28,8,254,0,91,105.4891,1.1592208791208791,0.4023,4.811,8.7005,87.0831,0.9569571428571428,0.2339,4.4869,8.307,91,18.406,0.20226373626373625,0.1756,0.3251,0.3935,completed
17,known_visit,HIPC,ideal,1.0,19,361,4,20,targets_20_hipc_h8_ideal,C:\Users\lottj\Desktop\research\decentralized benchmark\commitment-horizon-study\scenarios\known_visit_g19_t20_n25.csv,02,8,1,0,9,0,0,0,0,0,0.0,0,0,38,18,20,252,0,106,138.8128,1.3095547169811321,0.49360000000000004,4.2478,5.8589,116.52250000000001,1.0992688679245284,0.3208,3.9359,5.4936,106,22.2903,0.21028584905660375,0.17980000000000002,0.3473,0.4101,completed
17,known_visit,HIPC,ideal,1.0,19,361,4,20,targets_20_hipc_h8_ideal,C:\Users\lottj\Desktop\research\decentralized benchmark\commitment-horizon-study\scenarios\known_visit_g19_t20_n25.csv,03,31,7,0,32,0,1,0,0,0,0.0,0,0,92,64,28,198,0,33,45.8142,1.388309090909091,0.2877,7.4935,9.2161,38.9567,1.1805060606060604,0.1009,7.1196,8.8274,33,6.8575,0.2078030303030303,0.1674,0.3739,0.3887,completed
18,known_visit,HIPC,ideal,1.0,19,361,4,20,targets_20_hipc_h8_ideal,C:\Users\lottj\Desktop\research\decentralized benchmark\commitment-horizon-study\scenarios\known_visit_g19_t20_n25.csv,00,32,5,0,32,1,0,0,0,0,0.0,0,0,86,66,20,194,0,24,33.6255,1.4010625,0.48425,4.4798,7.0704,27.9684,1.1653499999999999,0.27395,4.1091,6.7663,24,5.6571,0.2357125,0.2103,0.3316,0.3707,completed
18,known_visit,HIPC,ideal,1.0,19,361,4,20,targets_20_hipc_h8_ideal,C:\Users\lottj\Desktop\research\decentralized benchmark\commitment-horizon-study\scenarios\known_visit_g19_t20_n25.csv,01,34,10,0,35,0,0,0,0,0,0.0,0,0,121,69,52,160,0,18,24.9896,1.388311111111111,0.8428,7.1997,7.1997,20.4034,1.1335222222222223,0.5691999999999999,6.9023,6.9023,18,4.5862,0.2547888888888889,0.25670000000000004,0.327,0.327,completed
18,known_visit,HIPC,ideal,1.0,19,361,4,20,targets_20_hipc_h8_ideal,C:\Users\lottj\Desktop\research\decentralized benchmark\commitment-horizon-study\scenarios\known_visit_g19_t20_n25.csv,02,18,5,0,19,0,0,0,0,0,0.0,0,0,73,38,35,207,0,67,60.263,0.8994477611940298,0.4726,3.3165,7.3093,45.8825,0.6848134328358209,0.2747,2.9691,6.9997,67,14.3805,0.21463432835820895,0.2079,0.3096,0.3474,completed
18,known_visit,HIPC,ideal,1.0,19,361,4,20,targets_20_hipc_h8_ideal,C:\Users\lottj\Desktop\research\decentralized benchmark\commitment-horizon-study\scenarios\known_visit_g19_t20_n25.csv,03,0,0,0,1,0,0,0,0,0,0.0,0,0,1,1,0,279,0,121,253.9904,2.099094214876033,1.2088,6.3827,7.0574,224.5716,1.8559636363636363,0.9707,6.0847,6.754,121,29.4188,0.2431305785123967,0.2389,0.3223,0.3836,completed
19,known_visit,HIPC,ideal,1.0,19,361,4,20,targets_20_hipc_h8_ideal,C:\Users\lottj\Desktop\research\decentralized benchmark\commitment-horizon-study\scenarios\known_visit_g19_t20_n25.csv,00,38,7,0,39,0,0,0,0,0,0.0,0,0,128,77,51,180,0,17,16.9965,0.9997941176470588,0.4498,4.2924,4.2924,12.714,0.7478823529411764,0.1781,3.8917,3.8917,17,4.2825,0.25191176470588234,0.258,0.4007,0.4007,completed
19,known_visit,HIPC,ideal,1.0,19,361,4,20,targets_20_hipc_h8_ideal,C:\Users\lottj\Desktop\research\decentralized benchmark\commitment-horizon-study\scenarios\known_visit_g19_t20_n25.csv,01,6,2,0,7,0,0,0,0,0,0.0,0,0,34,14,20,273,0,115,70.533,0.6133304347826087,0.3582,1.7982,5.9392,46.2505,0.40217826086956526,0.1179,1.5212,5.581,115,24.2825,0.21115217391304347,0.2242,0.297,0.41,completed
19,known_visit,HIPC,ideal,1.0,19,361,4,20,targets_20_hipc_h8_ideal,C:\Users\lottj\Desktop\research\decentralized benchmark\commitment-horizon-study\scenarios\known_visit_g19_t20_n25.csv,02,28,7,0,29,0,0,0,0,0,0.0,0,0,90,58,32,217,0,50,52.822,1.05644,0.35905,6.3679,7.5301,40.7825,0.81565,0.12254999999999999,6.0291,7.1731,50,12.0395,0.24079,0.2325,0.357,0.4062,completed
19,known_visit,HIPC,ideal,1.0,19,361,4,20,targets_20_hipc_h8_ideal,C:\Users\lottj\Desktop\research\decentralized benchmark\commitment-horizon-study\scenarios\known_visit_g19_t20_n25.csv,03,9,4,0,10,0,0,0,0,0,0.0,0,0,56,21,35,251,0,107,80.51989999999999,0.752522429906542,0.3507,2.1964,7.9487,57.9776,0.5418467289719626,0.1148,1.7882,7.5967,107,22.5423,0.21067570093457944,0.2231,0.3428,0.4082,completed
20,known_visit,HIPC,ideal,1.0,19,361,4,20,targets_20_hipc_h8_ideal,C:\Users\lottj\Desktop\research\decentralized benchmark\commitment-horizon-study\scenarios\known_visit_g19_t20_n25.csv,00,4,0,0,5,0,0,0,0,0,0.0,0,0,24,10,14,284,0,122,266.6605,2.1857418032786886,1.45295,6.8727,10.1055,232.7554,1.9078311475409837,1.1872500000000001,6.5384,9.6582,122,33.9051,0.2779106557377049,0.27535,0.4224,0.5222,completed
20,known_visit,HIPC,ideal,1.0,19,361,4,20,targets_20_hipc_h8_ideal,C:\Users\lottj\Desktop\research\decentralized benchmark\commitment-horizon-study\scenarios\known_visit_g19_t20_n25.csv,01,38,9,0,39,0,0,0,0,0,0.0,0,0,124,77,47,185,0,18,36.6122,2.034011111111111,1.57635,10.5708,10.5708,31.0581,1.72545,1.2635,10.1214,10.1214,18,5.5541,0.3085611111111111,0.2921,0.4494,0.4494,completed
20,known_visit,HIPC,ideal,1.0,19,361,4,20,targets_20_hipc_h8_ideal,C:\Users\lottj\Desktop\research\decentralized benchmark\commitment-horizon-study\scenarios\known_visit_g19_t20_n25.csv,02,2,0,0,3,0,0,0,0,0,0.0,0,0,11,6,5,297,0,128,300.9539,2.35120234375,1.6097,7.1775,10.7908,263.5859,2.05926484375,1.3418999999999999,6.7514,10.3562,128,37.368,0.2919375,0.29305000000000003,0.4401,0.5889,completed
20,known_visit,HIPC,ideal,1.0,19,361,4,20,targets_20_hipc_h8_ideal,C:\Users\lottj\Desktop\research\decentralized benchmark\commitment-horizon-study\scenarios\known_visit_g19_t20_n25.csv,03,34,11,0,35,0,0,0,0,0,0.0,0,0,150,70,80,158,0,27,27.3212,1.0118962962962963,0.4304,2.8029,3.5749,20.0927,0.7441740740740741,0.2182,2.4799,3.1742,27,7.2285,0.26772222222222225,0.2452,0.4347,0.4506,completed
21,known_visit,HIPC,ideal,1.0,19,361,4,20,targets_20_hipc_h8_ideal,C:\Users\lottj\Desktop\research\decentralized benchmark\commitment-horizon-study\scenarios\known_visit_g19_t20_n25.csv,00,11,4,0,12,0,0,0,0,0,0.0,0,0,41,24,17,222,0,123,110.6769,0.8998121951219512,0.6451,2.2493,5.4823,78.833,0.6409186991869918,0.4151,1.8672,5.051,123,31.8439,0.25889349593495936,0.2594,0.3954,0.9235,completed
21,known_visit,HIPC,ideal,1.0,19,361,4,20,targets_20_hipc_h8_ideal,C:\Users\lottj\Desktop\research\decentralized benchmark\commitment-horizon-study\scenarios\known_visit_g19_t20_n25.csv,01,44,12,0,45,0,0,0,0,0,0.0,0,0,157,89,68,107,0,17,22.336299999999998,1.3138999999999998,0.5965,8.1596,8.1596,17.4969,1.0292294117647058,0.3631,7.6081,7.6081,17,4.8393999999999995,0.28467058823529406,0.2701,0.5515,0.5515,completed
21,known_visit,HIPC,ideal,1.0,19,361,4,20,targets_20_hipc_h8_ideal,C:\Users\lottj\Desktop\research\decentralized benchmark\commitment-horizon-study\scenarios\known_visit_g19_t20_n25.csv,02,2,2,0,3,0,0,0,0,0,0.0,0,0,11,6,5,252,0,150,196.432,1.3095466666666666,0.8765000000000001,3.9588,8.6209,156.6095,1.0440633333333333,0.58265,3.5489,8.0923,150,39.8225,0.2654833333333333,0.2671,0.4127,0.8008,completed
21,known_visit,HIPC,ideal,1.0,19,361,4,20,targets_20_hipc_h8_ideal,C:\Users\lottj\Desktop\research\decentralized benchmark\commitment-horizon-study\scenarios\known_visit_g19_t20_n25.csv,03,14,2,0,15,0,0,0,0,0,0.0,0,0,55,30,25,208,0,115,89.6405,0.7794826086956522,0.5644,1.5939,10.7123,61.2053,0.53222,0.3188,1.2161,10.1593,115,28.4352,0.24726260869565217,0.2569,0.3696,0.553,completed
22,known_visit,HIPC,ideal,1.0,19,361,4,20,targets_20_hipc_h8_ideal,C:\Users\lottj\Desktop\research\decentralized benchmark\commitment-horizon-study\scenarios\known_visit_g19_t20_n25.csv,00,43,11,0,43,1,0,0,0,0,0.0,0,0,161,87,74,132,0,17,22.7908,1.3406352941176471,0.6973,7.6005,7.6005,17.9719,1.0571705882352942,0.5058,7.3209,7.3209,17,4.8189,0.28346470588235295,0.2453,0.764,0.764,completed
22,known_visit,HIPC,ideal,1.0,19,361,4,20,targets_20_hipc_h8_ideal,C:\Users\lottj\Desktop\research\decentralized benchmark\commitment-horizon-study\scenarios\known_visit_g19_t20_n25.csv,01,3,1,0,4,0,0,0,0,0,0.0,0,0,16,8,8,276,0,147,143.0317,0.9730047619047619,0.3687,3.8719,7.8126,108.9034,0.7408394557823129,0.1085,3.573,7.5165,147,34.1283,0.232165306122449,0.2161,0.3851,0.4475,completed
22,known_visit,HIPC,ideal,1.0,19,361,4,20,targets_20_hipc_h8_ideal,C:\Users\lottj\Desktop\research\decentralized benchmark\commitment-horizon-study\scenarios\known_visit_g19_t20_n25.csv,02,19,6,0,20,0,0,0,0,0,0.0,0,0,83,40,43,209,0,99,68.6339,0.6932717171717171,0.5676,1.6892,6.3345,47.1671,0.4764353535353535,0.3339,1.3522,5.8501,99,21.4668,0.21683636363636363,0.2056,0.3196,0.4844,completed
22,known_visit,HIPC,ideal,1.0,19,361,4,20,targets_20_hipc_h8_ideal,C:\Users\lottj\Desktop\research\decentralized benchmark\commitment-horizon-study\scenarios\known_visit_g19_t20_n25.csv,03,9,2,0,10,0,0,0,0,0,0.0,0,0,33,20,13,259,0,130,137.2128,1.0554830769230767,0.64405,2.861,7.5188,107.5413,0.8272407692307693,0.4476,2.5063,6.908,130,29.6715,0.22824230769230772,0.21735,0.3725,0.6108,completed
23,known_visit,HIPC,ideal,1.0,19,361,4,20,targets_20_hipc_h8_ideal,C:\Users\lottj\Desktop\research\decentralized benchmark\commitment-horizon-study\scenarios\known_visit_g19_t20_n25.csv,00,2,1,0,3,0,0,0,0,0,0.0,0,0,8,6,2,258,0,129,234.0464,1.8143131782945736,1.213,5.3892,8.9313,202.7325,1.5715697674418603,0.9683,4.6839,8.4954,129,31.3139,0.24274341085271317,0.2144,0.4359,0.7053,completed
23,known_visit,HIPC,ideal,1.0,19,361,4,20,targets_20_hipc_h8_ideal,C:\Users\lottj\Desktop\research\decentralized benchmark\commitment-horizon-study\scenarios\known_visit_g19_t20_n25.csv,01,38,9,0,39,0,0,0,0,0,0.0,0,0,121,77,44,146,0,18,26.726200000000002,1.484788888888889,0.98675,8.5263,8.5263,21.9738,1.2207666666666668,0.6085,8.1348,8.1348,18,4.7524,0.2640222222222222,0.23475000000000001,0.4656,0.4656,completed
23,known_visit,HIPC,ideal,1.0,19,361,4,20,targets_20_hipc_h8_ideal,C:\Users\lottj\Desktop\research\decentralized benchmark\commitment-horizon-study\scenarios\known_visit_g19_t20_n25.csv,02,34,9,0,35,0,0,0,0,0,0.0,0,0,115,70,45,151,0,30,28.6272,0.95424,0.41175,2.6519,9.2304,21.825599999999998,0.72752,0.18695,2.2897,8.7442,30,6.8016,0.22671999999999998,0.22349999999999998,0.3707,0.4862,completed
23,known_visit,HIPC,ideal,1.0,19,361,4,20,targets_20_hipc_h8_ideal,C:\Users\lottj\Desktop\research\decentralized benchmark\commitment-horizon-study\scenarios\known_visit_g19_t20_n25.csv,03,5,1,0,6,0,0,0,0,0,0.0,0,0,23,12,11,243,0,121,181.3917,1.499104958677686,1.0605,4.2205,8.2943,154.9429,1.2805198347107438,0.8003,3.9504,7.8153,121,26.4488,0.21858512396694213,0.2059,0.3621,0.479,completed
24,known_visit,HIPC,ideal,1.0,19,361,4,20,targets_20_hipc_h8_ideal,C:\Users\lottj\Desktop\research\decentralized benchmark\commitment-horizon-study\scenarios\known_visit_g19_t20_n25.csv,00,51,10,0,52,0,0,0,0,0,0.0,0,0,161,103,58,117,0,18,18.9561,1.0531166666666667,0.45685,5.6292,5.6292,14.7181,0.8176722222222222,0.23454999999999998,5.3682,5.3682,18,4.2379999999999995,0.23544444444444443,0.2212,0.4367,0.4367,completed
24,known_visit,HIPC,ideal,1.0,19,361,4,20,targets_20_hipc_h8_ideal,C:\Users\lottj\Desktop\research\decentralized benchmark\commitment-horizon-study\scenarios\known_visit_g19_t20_n25.csv,01,0,0,0,1,0,0,0,0,0,0.0,0,0,1,1,0,276,0,176,268.062,1.5230795454545456,0.58545,5.3624,6.8952,228.2084,1.2966386363636364,0.3735,5.1086,6.6413,176,39.8536,0.22644090909090908,0.21595,0.3489,0.4188,completed
24,known_visit,HIPC,ideal,1.0,19,361,4,20,targets_20_hipc_h8_ideal,C:\Users\lottj\Desktop\research\decentralized benchmark\commitment-horizon-study\scenarios\known_visit_g19_t20_n25.csv,02,15,5,0,16,0,0,0,0,0,0.0,0,0,56,32,24,221,0,131,90.7373,0.6926511450381679,0.4354,1.9294,7.0699,63.133,0.4819312977099237,0.2425,1.6176,6.8069,131,27.6043,0.21071984732824425,0.2072,0.3139,0.4297,completed
24,known_visit,HIPC,ideal,1.0,19,361,4,20,targets_20_hipc_h8_ideal,C:\Users\lottj\Desktop\research\decentralized benchmark\commitment-horizon-study\scenarios\known_visit_g19_t20_n25.csv,03,18,5,0,19,0,0,0,0,0,0.0,0,0,60,38,22,217,0,122,76.0464,0.6233311475409836,0.4225,1.7733,4.953,50.8366,0.41669344262295077,0.21595,1.4672,4.725,122,25.2098,0.2066377049180328,0.2102,0.2844,0.4147,completed
