path,size_bytes,sha256
integration_report.json,1528,c1daa363d8d367986e4ff158bed006647459f4b7f4117e4aad922394f75f5c5e
README.md,269,43984850571de005fcc39c2ebe3690de6d157c65604450bbd944c2e5477a4735
reference_10/combined/sensitivity_known_target_visit_horizon_300_combined_condition_manifest.csv,19992,865cec56f15c4fc3f39c73e037eaee73e25195897998b7fb4be7fb6597a4fff8
reference_10/combined/sensitivity_known_target_visit_horizon_300_combined_robot_performance.csv,9390649,9a0321cb9049174f3c3195d76cebbf16effe4b2fb1f8a13310788d0d66ddc491
reference_10/combined/sensitivity_known_target_visit_horizon_300_combined_system_performance.csv,3573560,3a7ed9759727eef3321eee053605101ea3223dc2c73ae4dd75169e627c7b9294
reference_10/combined/sensitivity_known_target_visit_horizon_300_combined_target_performance.csv,24411532,6ae58b1c36460be688da076b1e13e7d874835b916a5860261347a5e7f0758106
reference_10/combined/sensitivity_known_target_visit_horizon_300_combined_trial_summary.csv,3458090,2b77866bdb51dee6bdb0f8ddd6b946f718540175e5a61c1a0b3f4ecdab3e64bf
target_load_5_20/combined/target_load_horizon_pilot_25_combined_condition_manifest.csv,67532,0b1e99a137dbe51e511c7c283fd61c203ae1406b92c512920feab86a8ed9f462
target_load_5_20/combined/target_load_horizon_pilot_25_combined_robot_performance.csv,3092084,2d5fe9c8c729c8f240472bf3f6b96301fdc23dd3f9e1fbb2babc3753b57c325e
target_load_5_20/combined/target_load_horizon_pilot_25_combined_system_performance.csv,866124,64db01965019f5c8097db50d488af646923be72ad2c6a2d09a8963e22a422726
target_load_5_20/combined/target_load_horizon_pilot_25_combined_target_performance.csv,7657248,c50516efe48ede49d90a1432663df301d2d37f6c5826faa6442a65f4a2a61363
target_load_5_20/combined/target_load_horizon_pilot_25_combined_trial_summary.csv,800051,c62f60a9fa5972c7c87ffa67acf42e6424dcdcfce8aca6bf237b952d80a1f061
target_load_5_20/raw/targets_20/h1/bernoulli/targets_20_acbba_h1_bernoulli_025/_PILOT_CONDITION_STATUS.json,642,13eacfa09e48f36311bdfed21bee3bd447984df8b15a78348b0534c2e9ba34a3
target_load_5_20/raw/targets_20/h1/bernoulli/targets_20_acbba_h1_bernoulli_025/config_used.json,1789,a40f76cf4de301e415fdd62da61617f1b1e214958b178e6dab7368b65916fc1a
target_load_5_20/raw/targets_20/h1/bernoulli/targets_20_acbba_h1_bernoulli_025/robot_performance.csv,37709,c65ec9e7386239ba3ad522d63405f3ccc02fad27739ae4fb7d9a2d3f94a54e0a
target_load_5_20/raw/targets_20/h1/bernoulli/targets_20_acbba_h1_bernoulli_025/system_performance.csv,12463,610c6af56be9401e23beadd3231cc7f2ff37bde6311de41e3609ad202c9d9649
target_load_5_20/raw/targets_20/h1/bernoulli/targets_20_acbba_h1_bernoulli_025/target_performance.csv,116731,78dd9fb9eb3d7f662f9d5a6953338e13c9547f98e27a9335c9679c9a8e056351
target_load_5_20/raw/targets_20/h1/bernoulli/targets_20_acbba_h1_bernoulli_025/trial_summary.csv,11466,d6fb933181e97b75135d0a0a9e38a2def5aec9cc1735ea24889c6e3b3ca216cf
target_load_5_20/raw/targets_20/h1/bernoulli/targets_20_hipc_h1_bernoulli_025/_PILOT_CONDITION_STATUS.json,641,a394fc4e568025af2ab972c4b6eb092c3ca9641f052e1f660674dccabf7a7dbc
target_load_5_20/raw/targets_20/h1/bernoulli/targets_20_hipc_h1_bernoulli_025/config_used.json,1785,4d4be832e5f3a8779214be5e9831524383a2e0e846074a9bc41bde693976ee30
target_load_5_20/raw/targets_20/h1/bernoulli/targets_20_hipc_h1_bernoulli_025/robot_performance.csv,37563,db8a8c67850ec5d49a82c05983aba134be25681522436d7aa1ca99ea354aad42
target_load_5_20/raw/targets_20/h1/bernoulli/targets_20_hipc_h1_bernoulli_025/system_performance.csv,12733,da3e83634593ac39ce98ccc6de9cf4106cb157e95abe7259fa3e161810cf7d99
target_load_5_20/raw/targets_20/h1/bernoulli/targets_20_hipc_h1_bernoulli_025/target_performance.csv,115783,9e87421791f67c57c9c47d092e1eacbbdce31655e72b2379f8e93c4ecafb617b
target_load_5_20/raw/targets_20/h1/bernoulli/targets_20_hipc_h1_bernoulli_025/trial_summary.csv,11420,16f19f328a1ff6439659707f9363df68a85f5e37ae5ba4f8110b378775ee906d
target_load_5_20/raw/targets_20/h1/ideal/targets_20_acbba_h1_ideal/_PILOT_CONDITION_STATUS.json,634,697a8d5923d299de399a7ef353926ca2787086ee80a9c7b9ad9dad9c8d261d4f
target_load_5_20/raw/targets_20/h1/ideal/targets_20_acbba_h1_ideal/config_used.json,1771,064dd53ad3529ac4a69a2b6a93ce3142a88ab587c346c48a7a70d7bc07e5da0f
target_load_5_20/raw/targets_20/h1/ideal/targets_20_acbba_h1_ideal/robot_performance.csv,36120,b826b813e5657b30db6a019fcdaa12a5c08f358dd3daa3dd7fdde17e84dd919b
target_load_5_20/raw/targets_20/h1/ideal/targets_20_acbba_h1_ideal/system_performance.csv,11587,d32ee78d566cab7e909e967a1d0f8266a01f1cf415cd85e94acc395fb4a5939c
target_load_5_20/raw/targets_20/h1/ideal/targets_20_acbba_h1_ideal/target_performance.csv,107811,b13afcd16effd2c10ea17b4d496d195b69078b4632ae88fd183b857bc83750dc
target_load_5_20/raw/targets_20/h1/ideal/targets_20_acbba_h1_ideal/trial_summary.csv,11048,89aededeb40195f2d45fa7e61e883b26004849d96e2b6e8bfcd8d5b30da3983e
target_load_5_20/raw/targets_20/h1/ideal/targets_20_hipc_h1_ideal/_PILOT_CONDITION_STATUS.json,633,32b17cdcffc2423fe2d560619f6022633ac36f29c679ae4fa0622c3041f3846b
target_load_5_20/raw/targets_20/h1/ideal/targets_20_hipc_h1_ideal/config_used.json,1767,b32470d77e49436a0ba89763553c7221921d30709ad84deb3c1b0426230d78ae
target_load_5_20/raw/targets_20/h1/ideal/targets_20_hipc_h1_ideal/robot_performance.csv,35407,63203ac5028187d96090318082ab42c5eec7dae2f8f6716867a9fa652e8751be
target_load_5_20/raw/targets_20/h1/ideal/targets_20_hipc_h1_ideal/system_performance.csv,11872,89568e97cd82766c57f1331c027690e9def68276e59f36d5aae36be5b4c90342
target_load_5_20/raw/targets_20/h1/ideal/targets_20_hipc_h1_ideal/target_performance.csv,106845,f055ad9e02e7b86bc1bb3b81ee6cd74ca17c1065259a63a8c189aa5737eddba5
target_load_5_20/raw/targets_20/h1/ideal/targets_20_hipc_h1_ideal/trial_summary.csv,10994,66f9923cf69ed025fd450832daf490d6b2c20005ed895985c9a0336b11c70558
target_load_5_20/raw/targets_20/h12/bernoulli/targets_20_acbba_h12_bernoulli_025/_PILOT_CONDITION_STATUS.json,643,b67326cf7e8d71a6c4381356ed4890c719f9727e2ed31a4c2095be1d37c01afa
target_load_5_20/raw/targets_20/h12/bernoulli/targets_20_acbba_h12_bernoulli_025/config_used.json,1791,dd0670a6c2fb1b2dd5d488f690972f6f5f4ba4f8d5fe8270d71d89edbf670c41
target_load_5_20/raw/targets_20/h12/bernoulli/targets_20_acbba_h12_bernoulli_025/robot_performance.csv,38595,dbad48375778044f91e0f6690f205b4f7fe1642682eaa7d6c5cb70e94e37c54f
target_load_5_20/raw/targets_20/h12/bernoulli/targets_20_acbba_h12_bernoulli_025/system_performance.csv,12786,a940dfd3664592e5074481dc9410ec88e3c68e260952f0f201828558e4301ae7
target_load_5_20/raw/targets_20/h12/bernoulli/targets_20_acbba_h12_bernoulli_025/target_performance.csv,117203,5fae7a39da1ee20b4256c4544068e3d4ac5deadc84c87d667e20ed7076a62079
target_load_5_20/raw/targets_20/h12/bernoulli/targets_20_acbba_h12_bernoulli_025/trial_summary.csv,11487,8418306484fdd29740e766cc1565053e48f78e80d07e65002ae4c641d10d2c3c
target_load_5_20/raw/targets_20/h12/bernoulli/targets_20_hipc_h12_bernoulli_025/_PILOT_CONDITION_STATUS.json,642,7a9f4d9ae185b96a8b08ca426893b17f30bddad2410a918bf7fb672a50de23e7
target_load_5_20/raw/targets_20/h12/bernoulli/targets_20_hipc_h12_bernoulli_025/config_used.json,1787,85d2a48636b438a098aa340b50331bfff4e8f3924dc08a9c3787716791236ba5
target_load_5_20/raw/targets_20/h12/bernoulli/targets_20_hipc_h12_bernoulli_025/robot_performance.csv,38279,d40664cb2783667a6a7790cd2defb1bd2a67913322329f18e8e0065b5b97cad7
target_load_5_20/raw/targets_20/h12/bernoulli/targets_20_hipc_h12_bernoulli_025/system_performance.csv,12939,baf252ee312f53c338a81c43531b029f2ba1624988990af4da465728f0904ea2
target_load_5_20/raw/targets_20/h12/bernoulli/targets_20_hipc_h12_bernoulli_025/target_performance.csv,116239,126668b15ed34badede33110e206ca8538634f7f8ea3b5b91f2b82ca541e4486
target_load_5_20/raw/targets_20/h12/bernoulli/targets_20_hipc_h12_bernoulli_025/trial_summary.csv,11443,4d4a986521ba5a915cd2d7cc94fde006823f161b8cf6c35968f271ce14d439a1
target_load_5_20/raw/targets_20/h12/ideal/targets_20_acbba_h12_ideal/_PILOT_CONDITION_STATUS.json,635,7a7ca268ae7baedaacf38a77c35e91d27b98bcba0fad643c85c6529bd52f65f6
target_load_5_20/raw/targets_20/h12/ideal/targets_20_acbba_h12_ideal/config_used.json,1773,0043de755c0e042c50ac48d7ff06515d053ee898acc48fad153982fbafa60e86
target_load_5_20/raw/targets_20/h12/ideal/targets_20_acbba_h12_ideal/robot_performance.csv,36961,f42340cf4f6aaac0b57ada5f78996aaa056c392150d0c0de40016a2f2cd39a4f
target_load_5_20/raw/targets_20/h12/ideal/targets_20_acbba_h12_ideal/system_performance.csv,11684,adf8bd2c589fa66e8f2eb6a18713d15975e608ddd1ffba7199d6d8958882873f
target_load_5_20/raw/targets_20/h12/ideal/targets_20_acbba_h12_ideal/target_performance.csv,108279,948df2a283992a24a89b3b463fcd93c610f0b8087e8e6201f796dc387c703cb1
target_load_5_20/raw/targets_20/h12/ideal/targets_20_acbba_h12_ideal/trial_summary.csv,11032,7d3e7d3c61bbd933803041ec14e939e9ce4403be2160ba1cffe4925f51c6847d
target_load_5_20/raw/targets_20/h12/ideal/targets_20_hipc_h12_ideal/_PILOT_CONDITION_STATUS.json,634,bb88afeb3ce98ee8f785f52e560316264a5653e3954cabed0cebdb20c602931a
target_load_5_20/raw/targets_20/h12/ideal/targets_20_hipc_h12_ideal/config_used.json,1769,f29ea62b13c52199d83f26ee67f49c1eb428a6226fe5f5015aa39857d2eec62d
target_load_5_20/raw/targets_20/h12/ideal/targets_20_hipc_h12_ideal/robot_performance.csv,36407,938fbecfaf2a15426699e23dec73700cf8cdc579d4812c06c1751ceb846d72f7
target_load_5_20/raw/targets_20/h12/ideal/targets_20_hipc_h12_ideal/system_performance.csv,11964,5f2a2a751920035faea6361624e64d2eb5b4aa5f586c58013ad5ff0a4f0ecd31
target_load_5_20/raw/targets_20/h12/ideal/targets_20_hipc_h12_ideal/target_performance.csv,107275,3bc9957ae32eb4f8577a65c5f08bbbb19829cca7ee6fdc60d960675c3880d226
target_load_5_20/raw/targets_20/h12/ideal/targets_20_hipc_h12_ideal/trial_summary.csv,10980,e7f402d71ba9c89282ac7e6a6d66a8d38c0106e3094bc03abfaeddced06f5630
target_load_5_20/raw/targets_20/h2/bernoulli/targets_20_acbba_h2_bernoulli_025/_PILOT_CONDITION_STATUS.json,642,b91bb06e0a418530039bf69e14d84818f86ac05cf0496232c66b5d5c94b511ab
target_load_5_20/raw/targets_20/h2/bernoulli/targets_20_acbba_h2_bernoulli_025/config_used.json,1789,d3031b6e731adc1f623f96a7cc564845490ffe0565c1bf0449e5d59af40130e9
target_load_5_20/raw/targets_20/h2/bernoulli/targets_20_acbba_h2_bernoulli_025/robot_performance.csv,37935,df7901aebfccc009e46485238391a51e622d235a6ec0b74a1a837b785a31227e
target_load_5_20/raw/targets_20/h2/bernoulli/targets_20_acbba_h2_bernoulli_025/system_performance.csv,12530,f8af1d712a90b1a9a37a8776928754735d4db1b1f2bf5c65d60312c627f6c9b3
target_load_5_20/raw/targets_20/h2/bernoulli/targets_20_acbba_h2_bernoulli_025/target_performance.csv,116783,5506afacd3599be1c961212c472db364590ecc000dc933013fb0e025763b1e37
target_load_5_20/raw/targets_20/h2/bernoulli/targets_20_acbba_h2_bernoulli_025/trial_summary.csv,11482,cb79264baf85a5619e151e1bcf29e1daea9aa800e4794b3d435aef54f346ad38
target_load_5_20/raw/targets_20/h2/bernoulli/targets_20_hipc_h2_bernoulli_025/_PILOT_CONDITION_STATUS.json,641,69e381db89b198adbd26a5106e1283f12c68bcfc6fead9762daab858f8db5aa9
target_load_5_20/raw/targets_20/h2/bernoulli/targets_20_hipc_h2_bernoulli_025/config_used.json,1785,b267a7288f5ba750ffefec4efc03a0d29cec7c75c61ccad1393cbf23816e2dca
target_load_5_20/raw/targets_20/h2/bernoulli/targets_20_hipc_h2_bernoulli_025/robot_performance.csv,37788,de0222a414cd8d667b52352ce22e88a67add4fc3481aaeb3d84e47fb519c76bd
target_load_5_20/raw/targets_20/h2/bernoulli/targets_20_hipc_h2_bernoulli_025/system_performance.csv,12819,13ba578d4e94844902ff3da39e8c3e4e3be58aeffd6b6d0164d97211763731ec
target_load_5_20/raw/targets_20/h2/bernoulli/targets_20_hipc_h2_bernoulli_025/target_performance.csv,115795,c8e665e3ac6479e4ea6d27228fe2772f7535abb345fdeab5988a6ddb91936aef
target_load_5_20/raw/targets_20/h2/bernoulli/targets_20_hipc_h2_bernoulli_025/trial_summary.csv,11417,333477aa92bc93386bdfead7cbcecae2e5c66b3295ee1f017bb53593a64240aa
target_load_5_20/raw/targets_20/h2/ideal/targets_20_acbba_h2_ideal/_PILOT_CONDITION_STATUS.json,634,9ad6c059e2e2e185a31954d10eb1405f8945cb0f00d134e4b5c0760649f6ef87
target_load_5_20/raw/targets_20/h2/ideal/targets_20_acbba_h2_ideal/config_used.json,1771,b5074f4d16f124410345e9070584f80d3bb613888fd7fb7ede879497cd77b206
target_load_5_20/raw/targets_20/h2/ideal/targets_20_acbba_h2_ideal/robot_performance.csv,36369,bdb2e997512eb7f189125589202b7b0b1f783fbf0e074bb213b7774435e27540
target_load_5_20/raw/targets_20/h2/ideal/targets_20_acbba_h2_ideal/system_performance.csv,11557,846d1c6027aa644ee3b6cd74771f02a4804cfc9866031aa3430a7cd90277a6d7
target_load_5_20/raw/targets_20/h2/ideal/targets_20_acbba_h2_ideal/target_performance.csv,107791,b913e06928fcf59bffc442326a16306e219dcd5eb2f7e70776323169b421ee19
target_load_5_20/raw/targets_20/h2/ideal/targets_20_acbba_h2_ideal/trial_summary.csv,11026,795b47fee2b6280b289295ec695006f04cc4ba0958692a9ce467fff045c7b79d
target_load_5_20/raw/targets_20/h2/ideal/targets_20_hipc_h2_ideal/_PILOT_CONDITION_STATUS.json,633,072638feffa9e1fee9b0abae430f2fdea3b1b1bc05f3142c8941c7151d1cc595
target_load_5_20/raw/targets_20/h2/ideal/targets_20_hipc_h2_ideal/config_used.json,1767,a8f32788f2d1b146db06b83ae13cc3760983ffcd14eed015210d87c02ea7d29b
target_load_5_20/raw/targets_20/h2/ideal/targets_20_hipc_h2_ideal/robot_performance.csv,35949,d32263fe658f4ef16e45a71b3a18a52110b836d1183ef6a020d65fc54b3eb456
target_load_5_20/raw/targets_20/h2/ideal/targets_20_hipc_h2_ideal/system_performance.csv,11904,eff9d8d1c3a3b376373da09d79307a5d08d7e304f8d678a78a88d08e4ff4722e
target_load_5_20/raw/targets_20/h2/ideal/targets_20_hipc_h2_ideal/target_performance.csv,106835,6953ae6b7f82d3a14b8ece4998423d347003d469ea0669f0bf88b028c8474c5f
target_load_5_20/raw/targets_20/h2/ideal/targets_20_hipc_h2_ideal/trial_summary.csv,10985,09931003221aa834c50d6f2f5235fac319a5338b61c5ea6500d5bf8bee65ab7f
target_load_5_20/raw/targets_20/h3/bernoulli/targets_20_acbba_h3_bernoulli_025/_PILOT_CONDITION_STATUS.json,642,fa0bd7d788e8c05f731050960ee8a8f528b2053817d9afd1e89e1f5a408712d7
target_load_5_20/raw/targets_20/h3/bernoulli/targets_20_acbba_h3_bernoulli_025/config_used.json,1789,eccb5009440fc2f88d8f4cc0dccddec8a0da3b22235af3c2a8939bde0b50d56e
target_load_5_20/raw/targets_20/h3/bernoulli/targets_20_acbba_h3_bernoulli_025/robot_performance.csv,38235,d2d2ff860b8e68a81fd57824ff90beffd3058b8c4701502e8942f6f22c3d4172
target_load_5_20/raw/targets_20/h3/bernoulli/targets_20_acbba_h3_bernoulli_025/system_performance.csv,12506,ca232f4255096fc14f7f216ef5684769e62d8e1736b59a70615c30cdd9e3d857
target_load_5_20/raw/targets_20/h3/bernoulli/targets_20_acbba_h3_bernoulli_025/target_performance.csv,116771,ed325cfa606309f049064f8b58a8e2ea5ca18bbab0b1d34e11f60bf1202b5219
target_load_5_20/raw/targets_20/h3/bernoulli/targets_20_acbba_h3_bernoulli_025/trial_summary.csv,11451,5d3decafa5e6aa843ce5e3a738fa0f2a6ec0d680fa6d6be8b69e2afc416a807e
target_load_5_20/raw/targets_20/h3/bernoulli/targets_20_hipc_h3_bernoulli_025/_PILOT_CONDITION_STATUS.json,641,4df9c9e535186d0849e4a21e63f8c32eae4a39071474b9b279dd6d72b9db4d4b
target_load_5_20/raw/targets_20/h3/bernoulli/targets_20_hipc_h3_bernoulli_025/config_used.json,1785,0846abc6ac8d195839d47ffdbfbba7db1701c2f8ae6d6db8965306b161c70199
target_load_5_20/raw/targets_20/h3/bernoulli/targets_20_hipc_h3_bernoulli_025/robot_performance.csv,37654,4f472a90d460106f8e0c5ef07bdbb396e85429e46aece56a8118c315d6a484a3
target_load_5_20/raw/targets_20/h3/bernoulli/targets_20_hipc_h3_bernoulli_025/system_performance.csv,12887,4031b74e30b07ee640e58fb798ee333271bc082fbb45b2535487fcb969fcdac3
target_load_5_20/raw/targets_20/h3/bernoulli/targets_20_hipc_h3_bernoulli_025/target_performance.csv,115769,d859b2269909a22a30c90810012ae8ee3bd6ade2e6f4f2fa1b092468223b09d1
target_load_5_20/raw/targets_20/h3/bernoulli/targets_20_hipc_h3_bernoulli_025/trial_summary.csv,11411,ae69ff2483ff9f86203407b6a05c0f8c977e2be38f50394ba27c4077db918aac
target_load_5_20/raw/targets_20/h3/ideal/targets_20_acbba_h3_ideal/_PILOT_CONDITION_STATUS.json,634,b64eda7765f324045fcbd97ce7a1082f3dc12f617580a7319b2850425325686e
target_load_5_20/raw/targets_20/h3/ideal/targets_20_acbba_h3_ideal/config_used.json,1771,fbf6f1f7e729815233faba82bfa62b4422705304250f53f07a7fefbb148c03d9
target_load_5_20/raw/targets_20/h3/ideal/targets_20_acbba_h3_ideal/robot_performance.csv,36270,d04480ef26f8035c5ee32d87d599cb8571cd37664e77fac172f419c5e6225ed6
target_load_5_20/raw/targets_20/h3/ideal/targets_20_acbba_h3_ideal/system_performance.csv,11556,7dd9f22b055c183db5c70de3522921e9d3aee777d93d8cc360e3c1ab94dde7f3
target_load_5_20/raw/targets_20/h3/ideal/targets_20_acbba_h3_ideal/target_performance.csv,107823,b2e8891babd4e16d478c7d0086f4b9478f67f1c74e725ac4116a9274e4a212fb
target_load_5_20/raw/targets_20/h3/ideal/targets_20_acbba_h3_ideal/trial_summary.csv,11039,d74124d7c6558124887a5119bdb772c25a70baeff802c752fbedd414e51ca977
target_load_5_20/raw/targets_20/h3/ideal/targets_20_hipc_h3_ideal/_PILOT_CONDITION_STATUS.json,633,b9644fbe0c67f5cc3109bee272b7e9f35ea9b4a6fd54f0dda3e95edc65e6be49
target_load_5_20/raw/targets_20/h3/ideal/targets_20_hipc_h3_ideal/config_used.json,1767,262e7b77226f0af1cad9670ad7d0ae510b5197065026aa74e3f3181eeb863007
target_load_5_20/raw/targets_20/h3/ideal/targets_20_hipc_h3_ideal/robot_performance.csv,36010,e05c4ad6ff13076645006e953e0aa579df4ab692cb4cf254158e98efe0577db0
target_load_5_20/raw/targets_20/h3/ideal/targets_20_hipc_h3_ideal/system_performance.csv,11888,92947df84fea5035a709086af4648fd0be24f18af484967760e183bc9c28c976
target_load_5_20/raw/targets_20/h3/ideal/targets_20_hipc_h3_ideal/target_performance.csv,106797,031b9c013529ec304bb2a65c9cce4d32f7b17d81f6531e66b0cd70fec7870626
target_load_5_20/raw/targets_20/h3/ideal/targets_20_hipc_h3_ideal/trial_summary.csv,10975,09555e4725933f7d4deb8d39af004ae774ec702aeeec681de5f634912acf2199
target_load_5_20/raw/targets_20/h5/bernoulli/targets_20_acbba_h5_bernoulli_025/_PILOT_CONDITION_STATUS.json,642,851e0be754c6f966f9eafaba97bc6c6cead232d82eda59df2dfb5792106c84ea
target_load_5_20/raw/targets_20/h5/bernoulli/targets_20_acbba_h5_bernoulli_025/config_used.json,1789,7bde1f7b87586f79246f39f59dd9dcc8eb388bd61f38aa3c35bddf9adfd6b135
target_load_5_20/raw/targets_20/h5/bernoulli/targets_20_acbba_h5_bernoulli_025/robot_performance.csv,38127,530920ee3b529bc8c0fcbdefb82888b25a3f6d12c8fe47961de72348bc217ccf
target_load_5_20/raw/targets_20/h5/bernoulli/targets_20_acbba_h5_bernoulli_025/system_performance.csv,12538,cad352b92bb774cab8babcff0b50c9cb28b751457ebef56ec0533f1ba8a7c801
target_load_5_20/raw/targets_20/h5/bernoulli/targets_20_acbba_h5_bernoulli_025/target_performance.csv,116721,d2eb3078aa61b7634cf4c3296de2075822ff057991933c8facd563daff0a8f78
target_load_5_20/raw/targets_20/h5/bernoulli/targets_20_acbba_h5_bernoulli_025/trial_summary.csv,11457,1e0ca5298f584e6f1ca0654a0007be9ab510e8b1f84d81f2b102b7c9a7693856
target_load_5_20/raw/targets_20/h5/bernoulli/targets_20_hipc_h5_bernoulli_025/_PILOT_CONDITION_STATUS.json,641,874d920c320f73c123d0fdac66b0005cea6c47eda2c2001211d3f74c5de326d1
target_load_5_20/raw/targets_20/h5/bernoulli/targets_20_hipc_h5_bernoulli_025/config_used.json,1785,df85b0aced66b523ad408321cd36ad200bef1f43b343ba5e504ef2cf0b2eb549
target_load_5_20/raw/targets_20/h5/bernoulli/targets_20_hipc_h5_bernoulli_025/robot_performance.csv,37817,51b57e39bfe67a5cdaccf5795602933cc237b8140ca7ab9dffd027ab4d1528a6
target_load_5_20/raw/targets_20/h5/bernoulli/targets_20_hipc_h5_bernoulli_025/system_performance.csv,12910,7f330cc2631eeadf13a70bf2e31bcd75c435e854c87f1d2cc73174a203cb81cf
target_load_5_20/raw/targets_20/h5/bernoulli/targets_20_hipc_h5_bernoulli_025/target_performance.csv,115777,789eb2bd86071669abf35ee03cf0c4c5e99402dc918641d76eb1f4d61255381c
target_load_5_20/raw/targets_20/h5/bernoulli/targets_20_hipc_h5_bernoulli_025/trial_summary.csv,11412,a9462653ae41414e0cbce444be291173526ee7f5d02feb2a88fac46cdb6a067f
target_load_5_20/raw/targets_20/h5/ideal/targets_20_acbba_h5_ideal/_PILOT_CONDITION_STATUS.json,634,554af65dc59599d2524500ac93d84c5295a457166df9ad63f3055e7e2f441576
target_load_5_20/raw/targets_20/h5/ideal/targets_20_acbba_h5_ideal/config_used.json,1771,55cb0df85d97f3cd05c618be447d7ee68dbaef3750404c35410fbb5c6019c2de
target_load_5_20/raw/targets_20/h5/ideal/targets_20_acbba_h5_ideal/robot_performance.csv,36274,9dedf1c47e75c1fa9578444905e5d9bc89a5ce01b15e82489327558c62100559
target_load_5_20/raw/targets_20/h5/ideal/targets_20_acbba_h5_ideal/system_performance.csv,11647,9c80f09cde5427ca6620b11d76b9bacbfd4743b8219554eae1835dfe6003cd45
target_load_5_20/raw/targets_20/h5/ideal/targets_20_acbba_h5_ideal/target_performance.csv,107833,b1505dd23e8807b3ec42b44387a01033539b285a66b320f2cf3e3a401abed2e5
target_load_5_20/raw/targets_20/h5/ideal/targets_20_acbba_h5_ideal/trial_summary.csv,11035,921cab991c87e2902a990a3ac1012ffa9f513aa5d5a17af079f631b1a047c89b
target_load_5_20/raw/targets_20/h5/ideal/targets_20_hipc_h5_ideal/_PILOT_CONDITION_STATUS.json,633,bc314ad590c3f3eb1b804d2da736bad9e5887b0c69f3d5a14bd7e6add7e3309d
target_load_5_20/raw/targets_20/h5/ideal/targets_20_hipc_h5_ideal/config_used.json,1767,cf150bd55e17118406b641026fdc33f9400bac97368a6f750f8f1c0da4a4ee55
target_load_5_20/raw/targets_20/h5/ideal/targets_20_hipc_h5_ideal/robot_performance.csv,36241,c38cedf37cc7eee718f2d6e4a987c81fd1d568ff2f30ef5e6762326a1c9f2d3c
target_load_5_20/raw/targets_20/h5/ideal/targets_20_hipc_h5_ideal/system_performance.csv,11868,ea464744f976384504f1cada0e3239d1084b95520839274c3387fe77781ee3e3
target_load_5_20/raw/targets_20/h5/ideal/targets_20_hipc_h5_ideal/target_performance.csv,106777,f3b896b226ed542773d4ed5ec38164dd36f01521ce4ba9b8673857b3598e2244
target_load_5_20/raw/targets_20/h5/ideal/targets_20_hipc_h5_ideal/trial_summary.csv,10949,315a76913da2ad92ba1c38c4950f9d4d27629f9bbac410bae5cfff1605375ed0
target_load_5_20/raw/targets_20/h8/bernoulli/targets_20_acbba_h8_bernoulli_025/_PILOT_CONDITION_STATUS.json,642,5d69effc2ee5049f87b9607c4b897c2dbd128759507bb1e11f7fb64ecb0d4046
target_load_5_20/raw/targets_20/h8/bernoulli/targets_20_acbba_h8_bernoulli_025/config_used.json,1789,4c062830e5339b6e43e59e93bcaa71e218ffb8cf1d7d3b160c6654c9023a6684
target_load_5_20/raw/targets_20/h8/bernoulli/targets_20_acbba_h8_bernoulli_025/robot_performance.csv,38377,5508028352096270cd416bf450cfeeb05134a548cce367205e349e7352abf320
target_load_5_20/raw/targets_20/h8/bernoulli/targets_20_acbba_h8_bernoulli_025/system_performance.csv,12719,4fe2e4d21938c6e4afabb9e463b1c963a4dafa9de4ffac4971d81062618d2afa
target_load_5_20/raw/targets_20/h8/bernoulli/targets_20_acbba_h8_bernoulli_025/target_performance.csv,116743,0e1f3b2ac5f18b4813f64deaeca038d076925db4b8dc0cd8172e4ad3dbe057db
target_load_5_20/raw/targets_20/h8/bernoulli/targets_20_acbba_h8_bernoulli_025/trial_summary.csv,11455,c27c3807b850758703c9c44d43a9a4fe8639a1013affa5eab7a81c580323caa3
target_load_5_20/raw/targets_20/h8/bernoulli/targets_20_hipc_h8_bernoulli_025/_PILOT_CONDITION_STATUS.json,641,7c26e80bb3d36c806e6eeeb2ca215f79eb5b31c81df1096b8b76c2c91e6b6b62
target_load_5_20/raw/targets_20/h8/bernoulli/targets_20_hipc_h8_bernoulli_025/config_used.json,1785,40181cd0ff3ff64aeca57ceef8b184dd41e3da5c6b1b39a99fc6c2dd63b1b4b8
target_load_5_20/raw/targets_20/h8/bernoulli/targets_20_hipc_h8_bernoulli_025/robot_performance.csv,37983,9bd0684425de5db9603f926da22031104567df74506781436f5e831d20090710
target_load_5_20/raw/targets_20/h8/bernoulli/targets_20_hipc_h8_bernoulli_025/system_performance.csv,12949,5b58bfda6ec794a35d408d945cbc756e7e91a5ba93de96c7479c4229cc82b071
target_load_5_20/raw/targets_20/h8/bernoulli/targets_20_hipc_h8_bernoulli_025/target_performance.csv,115719,cdaad032e0477d401244ef3f67266307bc3ad6f48b9eb4666648b352ff0a1e88
target_load_5_20/raw/targets_20/h8/bernoulli/targets_20_hipc_h8_bernoulli_025/trial_summary.csv,11409,31a62d59d3e1c6a10ba18f5c7b7dd9c58b9fdf5cf56859d44ed475021d54d9b7
target_load_5_20/raw/targets_20/h8/ideal/targets_20_acbba_h8_ideal/_PILOT_CONDITION_STATUS.json,634,acb738963e8edb9706d7928334bf0dedc714b5242d258ed0a7f8392d74e4202b
target_load_5_20/raw/targets_20/h8/ideal/targets_20_acbba_h8_ideal/config_used.json,1771,fc73abafc2a01029aeacbdc1f898ec01d617ff766afe087c51c163d0d75d40de
target_load_5_20/raw/targets_20/h8/ideal/targets_20_acbba_h8_ideal/robot_performance.csv,36908,6c9a7b99e3479a31efc87758238b8b82f2aa3edb73b9f6b1ad250f0fa801009e
target_load_5_20/raw/targets_20/h8/ideal/targets_20_acbba_h8_ideal/system_performance.csv,11671,fac0b1fcc1db2d2ddfa53db37808c997f2b83b891bf39240956ed4822938f136
target_load_5_20/raw/targets_20/h8/ideal/targets_20_acbba_h8_ideal/target_performance.csv,107767,7e3df9bdfbdb2f6737b764ab089f97f96bd61b80572e74382d609f4238555dbf
target_load_5_20/raw/targets_20/h8/ideal/targets_20_acbba_h8_ideal/trial_summary.csv,11027,8fc0e58f328b23aae9f597be43ce0d45b55a9bc45742c2303a3bb6764712106b
target_load_5_20/raw/targets_20/h8/ideal/targets_20_hipc_h8_ideal/_PILOT_CONDITION_STATUS.json,633,1000e37d45652353c313aa47c357a1a06a1b1a988323ba8d307332cdc0296668
target_load_5_20/raw/targets_20/h8/ideal/targets_20_hipc_h8_ideal/config_used.json,1767,0e8a14c64e22c0baf6a4a99a286a28b87458c7b4a405dbc5cd55d20fb8945d89
target_load_5_20/raw/targets_20/h8/ideal/targets_20_hipc_h8_ideal/robot_performance.csv,36329,bda7633d1f262d4295348bc511a3aed6bddf9a12d8740fdbaa67f7458a0856cf
target_load_5_20/raw/targets_20/h8/ideal/targets_20_hipc_h8_ideal/system_performance.csv,11962,7a28f1fb08e9b382f26f72a3cd551900a3b7e5317f0745b408b0a9fec91c1c84
target_load_5_20/raw/targets_20/h8/ideal/targets_20_hipc_h8_ideal/target_performance.csv,106767,6036f5443a0cdbb0886d5d506e46f4bd08d51efc98a2d72667b3ee9348b87188
target_load_5_20/raw/targets_20/h8/ideal/targets_20_hipc_h8_ideal/trial_summary.csv,10948,29d25318a767fea09e5958e86a4fde7187af54cb770f9ae9fca5828db386eacb
target_load_5_20/raw/targets_5/h1/bernoulli/targets_5_acbba_h1_bernoulli_025/_PILOT_CONDITION_STATUS.json,641,51ef0e6d7318d38d23cb297876c516626408434a12568fe55d50d1609b675c98
target_load_5_20/raw/targets_5/h1/bernoulli/targets_5_acbba_h1_bernoulli_025/config_used.json,1787,438297dbd8a6b6590b16d7e3b6c3508dc00ac8ec882c5d0bc73b04e84defc8a3
target_load_5_20/raw/targets_5/h1/bernoulli/targets_5_acbba_h1_bernoulli_025/robot_performance.csv,37170,23f7fb1a75b26e791dcff3892a7b3a8b2466084f5cc7c718a4ef107aefc22f46
target_load_5_20/raw/targets_5/h1/bernoulli/targets_5_acbba_h1_bernoulli_025/system_performance.csv,12096,2a088eed1d4923053fe631be7394235a603b38c7d4ed90790728e4f1cb867b2d
target_load_5_20/raw/targets_5/h1/bernoulli/targets_5_acbba_h1_bernoulli_025/target_performance.csv,28998,7916a7d649300cdcd1375ceca38108b2642429efc4c26887ff4d2166d0e395d2
target_load_5_20/raw/targets_5/h1/bernoulli/targets_5_acbba_h1_bernoulli_025/trial_summary.csv,8758,10dcde6977461c9d05ea8e500dcb6fa840040ac72cbf04a51f19170dfacde393
target_load_5_20/raw/targets_5/h1/bernoulli/targets_5_hipc_h1_bernoulli_025/_PILOT_CONDITION_STATUS.json,640,3362d1a8a591bddece45a08b22f0f9fccf60c515f8bf3dc1e2357f75f157482c
target_load_5_20/raw/targets_5/h1/bernoulli/targets_5_hipc_h1_bernoulli_025/config_used.json,1783,1fe460215a53212497532308ff7bbbd0e69ae4e825ef01a0763635e66a801ac3
target_load_5_20/raw/targets_5/h1/bernoulli/targets_5_hipc_h1_bernoulli_025/robot_performance.csv,36802,ceed3483f2881a1e30b7f0f938d8624731c148689961af22ad188947d4900011
target_load_5_20/raw/targets_5/h1/bernoulli/targets_5_hipc_h1_bernoulli_025/system_performance.csv,12479,2e4d4c0e6c5f9fd377490be7aac68eb1c2f6abf018e60cba4f15d2b97db86292
target_load_5_20/raw/targets_5/h1/bernoulli/targets_5_hipc_h1_bernoulli_025/target_performance.csv,28732,d615a8c67bbb9c36c7070ee7f80b61d235766e8cb62c8dac63279e25d1ff0dd1
target_load_5_20/raw/targets_5/h1/bernoulli/targets_5_hipc_h1_bernoulli_025/trial_summary.csv,8707,c706e8c5e4872c022cfdff9c20eeec863d9a46e20319fc4860b33d1b198463d3
target_load_5_20/raw/targets_5/h1/ideal/targets_5_acbba_h1_ideal/_PILOT_CONDITION_STATUS.json,633,696f1024fea0f266edafc57e468a9b2913353a3b82c4d6f9555694b164ba8260
target_load_5_20/raw/targets_5/h1/ideal/targets_5_acbba_h1_ideal/config_used.json,1769,23deefc7c55df182b18ae010374f6e1e1cab20bd09e8b018a8086fac2fb939d1
target_load_5_20/raw/targets_5/h1/ideal/targets_5_acbba_h1_ideal/robot_performance.csv,35491,38a0b8593ddd17b58618f04c136d6ef79c03066e92fa14649c5694d3a6e1a9a2
target_load_5_20/raw/targets_5/h1/ideal/targets_5_acbba_h1_ideal/system_performance.csv,11248,ec6eade020333d60738580489add2bfe728d550783b63294ca2b29f3672cb649
target_load_5_20/raw/targets_5/h1/ideal/targets_5_acbba_h1_ideal/target_performance.csv,26730,8090941ec2da48a38f555e87e547b98e4a2017780c318f7b6cfc8227cbaba2d2
target_load_5_20/raw/targets_5/h1/ideal/targets_5_acbba_h1_ideal/trial_summary.csv,8302,2f4d176bac0bdc8dfbe944bcc43cead9dded589ac11f4b3cda54e73f3238f871
target_load_5_20/raw/targets_5/h1/ideal/targets_5_hipc_h1_ideal/_PILOT_CONDITION_STATUS.json,632,8416712f8adad93313b8359b9a44c219ffc4cb3cc577c9180db8aa24a5dd4182
target_load_5_20/raw/targets_5/h1/ideal/targets_5_hipc_h1_ideal/config_used.json,1765,fd9484282d2ac94fee75c3fccc4ed632f899ce1d1bbbb78833b98c37c1f50afb
target_load_5_20/raw/targets_5/h1/ideal/targets_5_hipc_h1_ideal/robot_performance.csv,34817,db844116a278c24058ac1a2d08c207042fa4f2a1430ad1c76f8b24c1524cbf73
target_load_5_20/raw/targets_5/h1/ideal/targets_5_hipc_h1_ideal/system_performance.csv,11634,5e04c8c7e12b60ecde791aa406e703f07ecc4f35242537c07ea3275f05c6c828
target_load_5_20/raw/targets_5/h1/ideal/targets_5_hipc_h1_ideal/target_performance.csv,26476,a01747d7e13a11fc2bbb254eda004cd20c31d8acfef48c3c7edd087be272c635
target_load_5_20/raw/targets_5/h1/ideal/targets_5_hipc_h1_ideal/trial_summary.csv,8247,a83939996da06827121d9c24713cbd2d607233871180203773dbf7e745de1728
target_load_5_20/raw/targets_5/h12/bernoulli/targets_5_acbba_h12_bernoulli_025/_PILOT_CONDITION_STATUS.json,642,2e4dd9439ea7b8abfb5fe8ccab2deb966ed0ae0e5dbc01123a697a254b33e7e1
target_load_5_20/raw/targets_5/h12/bernoulli/targets_5_acbba_h12_bernoulli_025/config_used.json,1789,bc683634ebf669cd8784bd8d65af8cbfadd5431845f3402fcf9b13432be52b66
target_load_5_20/raw/targets_5/h12/bernoulli/targets_5_acbba_h12_bernoulli_025/robot_performance.csv,37504,6161bbfda9e63252c2467d73c6a2580927a12b9848b5eaff5503b4072db7c086
target_load_5_20/raw/targets_5/h12/bernoulli/targets_5_acbba_h12_bernoulli_025/system_performance.csv,12266,5f3fc963e546731d1b7de4567ffd4916447adc1088479f716527e15d93fe125d
target_load_5_20/raw/targets_5/h12/bernoulli/targets_5_acbba_h12_bernoulli_025/target_performance.csv,29109,f3b46040c1236dfd4a8a96a8b049b80966f9862da2e07280d814d5363bdbf5a8
target_load_5_20/raw/targets_5/h12/bernoulli/targets_5_acbba_h12_bernoulli_025/trial_summary.csv,8758,88396a875b5df70330ed5345afa3bd2d90de0f0a910b7a1a29e758e1abdfa732
target_load_5_20/raw/targets_5/h12/bernoulli/targets_5_hipc_h12_bernoulli_025/_PILOT_CONDITION_STATUS.json,641,057a81ca591d32788484e7f3322262bab7aebe2a6301553240da3e1a3567423b
target_load_5_20/raw/targets_5/h12/bernoulli/targets_5_hipc_h12_bernoulli_025/config_used.json,1785,3fbcd3bb484b49116788e24fabc3e8ee81a7717bc729d47d98e02c84e8beded6
target_load_5_20/raw/targets_5/h12/bernoulli/targets_5_hipc_h12_bernoulli_025/robot_performance.csv,37215,fdc981986f6ada1f15fafaa084a39a6439207d8753f2ed8bbdf3de94b55a0db7
target_load_5_20/raw/targets_5/h12/bernoulli/targets_5_hipc_h12_bernoulli_025/system_performance.csv,12381,05b55b36e39abc3e8c8222712d40a2b858e58fd22310feb6089b5439be8605eb
target_load_5_20/raw/targets_5/h12/bernoulli/targets_5_hipc_h12_bernoulli_025/target_performance.csv,28869,333263e843a69bc9539ebe97ab46d5d886601862079fb6fd66921215d067956d
target_load_5_20/raw/targets_5/h12/bernoulli/targets_5_hipc_h12_bernoulli_025/trial_summary.csv,8702,b228df7bbb08014a7f52bec2a62181ef65297b2d44f31c7feedf8fb3d855f6b8
target_load_5_20/raw/targets_5/h12/ideal/targets_5_acbba_h12_ideal/_PILOT_CONDITION_STATUS.json,634,b72ab4d157e4eb3f39606eecd7f44153da193f57e0a5d188bb9733a2d3cb3ad6
target_load_5_20/raw/targets_5/h12/ideal/targets_5_acbba_h12_ideal/config_used.json,1771,292bf9a4029d21318acc2ba17257dea71fb6f8cacf1060482f5026c55202e17c
target_load_5_20/raw/targets_5/h12/ideal/targets_5_acbba_h12_ideal/robot_performance.csv,35868,6f01cc14e200c8190b2bc946f6e17943764a25add137269ba756438829079db8
target_load_5_20/raw/targets_5/h12/ideal/targets_5_acbba_h12_ideal/system_performance.csv,11279,bdb0d6a3a7fa45a2b3ee51b91610e8220929eaaae7d7254ad1a7533f75089191
target_load_5_20/raw/targets_5/h12/ideal/targets_5_acbba_h12_ideal/target_performance.csv,26879,624e04fdca6a2adc652a46b56676c3ef349e561982d078f992dd950a9d3fcf3c
target_load_5_20/raw/targets_5/h12/ideal/targets_5_acbba_h12_ideal/trial_summary.csv,8297,b5fc716d0e6a523d1e48892d80126a070ac6a67993e3ad3ceb62eba22b79762f
target_load_5_20/raw/targets_5/h12/ideal/targets_5_hipc_h12_ideal/_PILOT_CONDITION_STATUS.json,633,fa8729b9619545a43756cf7412073dbea52fc9c909850c963e271bbba5605bae
target_load_5_20/raw/targets_5/h12/ideal/targets_5_hipc_h12_ideal/config_used.json,1767,1141012df22d4fb74306d1835f3d72d61160423b64b149ff477b0e5f85f06d4e
target_load_5_20/raw/targets_5/h12/ideal/targets_5_hipc_h12_ideal/robot_performance.csv,34943,29f42332d500544734e811a72cc720f0c0193daa1350dbd15949d55fc8ef72b0
target_load_5_20/raw/targets_5/h12/ideal/targets_5_hipc_h12_ideal/system_performance.csv,11437,44c0163a99f1f587e2061cfe169aaa33484f0026cd778aff11d166119d33abde
target_load_5_20/raw/targets_5/h12/ideal/targets_5_hipc_h12_ideal/target_performance.csv,26621,b40ea54bd04ece7d623b5327050d391b9da734452038269aa05ab734d3b267c2
target_load_5_20/raw/targets_5/h12/ideal/targets_5_hipc_h12_ideal/trial_summary.csv,8245,1ecb03650aeea31f42c45aa1a3efad6c9c1d1cf35d634c2e97cc822970b23642
target_load_5_20/raw/targets_5/h2/bernoulli/targets_5_acbba_h2_bernoulli_025/_PILOT_CONDITION_STATUS.json,641,5d82c92ec6e0b66e209cf023d111dafdec3ab4ea196f40feccc072a8bb3c15ba
target_load_5_20/raw/targets_5/h2/bernoulli/targets_5_acbba_h2_bernoulli_025/config_used.json,1787,f300fa18fede49cc8a62c70e2c22ff1647fd99682f0952a7525eb628cafa0d0b
target_load_5_20/raw/targets_5/h2/bernoulli/targets_5_acbba_h2_bernoulli_025/robot_performance.csv,37281,b453d95a95d242cb34c69fbc4c04bd6006f0e817d3f1df27af60a028d5904a2e
target_load_5_20/raw/targets_5/h2/bernoulli/targets_5_acbba_h2_bernoulli_025/system_performance.csv,12172,85e8a463407d903ba1a9bc760ec94ca6e11088dd7274b4673004a0d96e8d06a6
target_load_5_20/raw/targets_5/h2/bernoulli/targets_5_acbba_h2_bernoulli_025/target_performance.csv,28980,66ae47d6995fb9a865deceb8c6b31e87884c8e21efd5530ef0c48467fae8b884
target_load_5_20/raw/targets_5/h2/bernoulli/targets_5_acbba_h2_bernoulli_025/trial_summary.csv,8729,f81c92ca0ca2a4848031a362625dbc5cf7eecec9c1375c92a21611e631f931d4
target_load_5_20/raw/targets_5/h2/bernoulli/targets_5_hipc_h2_bernoulli_025/_PILOT_CONDITION_STATUS.json,640,f76dc6a93da8ddf43c5fba4ff6457592b7b03c5715813071a5cef50554b9d91c
target_load_5_20/raw/targets_5/h2/bernoulli/targets_5_hipc_h2_bernoulli_025/config_used.json,1783,0dc32b4e602e44980432504c67ba891b1114498fe01d0e718964a78e4e11d7a6
target_load_5_20/raw/targets_5/h2/bernoulli/targets_5_hipc_h2_bernoulli_025/robot_performance.csv,37131,22d1f94b2791125ee3bfa0f61f936b9f14cbbdcbf6004dc77197e061f7b958cb
target_load_5_20/raw/targets_5/h2/bernoulli/targets_5_hipc_h2_bernoulli_025/system_performance.csv,12502,5524050c89eaef9bb319a092409c17f4c11fad190778ae889c7570e32ed8b886
target_load_5_20/raw/targets_5/h2/bernoulli/targets_5_hipc_h2_bernoulli_025/target_performance.csv,28742,aca88acb2681d2f15af97e1ea6dd693e15da60935420309e60699254fbb7eb0c
target_load_5_20/raw/targets_5/h2/bernoulli/targets_5_hipc_h2_bernoulli_025/trial_summary.csv,8686,040bd090e8419b89dbd8bb3a8be2697f032c4ec34131b6577a2f65a5bce35ab0
target_load_5_20/raw/targets_5/h2/ideal/targets_5_acbba_h2_ideal/_PILOT_CONDITION_STATUS.json,633,f591c24141d28424d2c8a0b8ae6e235bc39b0b82343d9c26018721551c99fb20
target_load_5_20/raw/targets_5/h2/ideal/targets_5_acbba_h2_ideal/config_used.json,1769,8f01428f018c1feb1d32e0a4dc570f56a39b7b668b52ce134653753f7e284d77
target_load_5_20/raw/targets_5/h2/ideal/targets_5_acbba_h2_ideal/robot_performance.csv,35312,dc2bb9bcd3692157ab22d67aeb56d73d1e58ca917cad89d536a834252a9c541b
target_load_5_20/raw/targets_5/h2/ideal/targets_5_acbba_h2_ideal/system_performance.csv,11295,f58565ebe19520928cbf66e4e9ddb5f07652f4d808d90467998e62c1c61aeb71
target_load_5_20/raw/targets_5/h2/ideal/targets_5_acbba_h2_ideal/target_performance.csv,26736,71b1f84d65a1ce99276573e076b5135bff1fb839cd9e921c9f7185bd643e2ade
target_load_5_20/raw/targets_5/h2/ideal/targets_5_acbba_h2_ideal/trial_summary.csv,8291,3bf1aa0818280075f9d841ae0643c56dea021c9063cd5f0b7f7ea15c4c36ecdf
target_load_5_20/raw/targets_5/h2/ideal/targets_5_hipc_h2_ideal/_PILOT_CONDITION_STATUS.json,632,87b170e80f889e165f30378885c605454a175c90df5556e3e763938b950ea30c
target_load_5_20/raw/targets_5/h2/ideal/targets_5_hipc_h2_ideal/config_used.json,1765,cd77a550504b43fac08b14114e168ae4a48b9248fefc41ea87b0dfa66f3d0000
target_load_5_20/raw/targets_5/h2/ideal/targets_5_hipc_h2_ideal/robot_performance.csv,34717,c073040bde8992df224d0bc8c313bf2769ef605a4aee3971c1a8e3b521c2e1c0
target_load_5_20/raw/targets_5/h2/ideal/targets_5_hipc_h2_ideal/system_performance.csv,11598,6c1a8013b256f9b966b877034a5c16f0cfc33d7ca3ee99287f42a16d27a75305
target_load_5_20/raw/targets_5/h2/ideal/targets_5_hipc_h2_ideal/target_performance.csv,26514,e9715e2dd621ea73e84fcb3386dc3fe2992f2e65110d1494c125d8be3b5a9ab6
target_load_5_20/raw/targets_5/h2/ideal/targets_5_hipc_h2_ideal/trial_summary.csv,8234,0904cb25dd87fd51f694d3e66bd92e74cd528e90ec2109466ed4a5e211ab3628
target_load_5_20/raw/targets_5/h3/bernoulli/targets_5_acbba_h3_bernoulli_025/_PILOT_CONDITION_STATUS.json,641,e182789de6d1d33503d9eb7d88a21c8d654ffa8efd0a2747c5c89848da4a2ace
target_load_5_20/raw/targets_5/h3/bernoulli/targets_5_acbba_h3_bernoulli_025/config_used.json,1787,1281f6dacae60eeae0ff0d6459165f23a5d579f5eea96f88f74c4a3e5e14f3cc
target_load_5_20/raw/targets_5/h3/bernoulli/targets_5_acbba_h3_bernoulli_025/robot_performance.csv,37557,c8bd6617ffd61f2efb2de941d620d35b1593020cc35120c81b2e0d4175b73707
target_load_5_20/raw/targets_5/h3/bernoulli/targets_5_acbba_h3_bernoulli_025/system_performance.csv,12152,ce8bb8215a562fe28f8a71448d88da667b01d6c02b6d61ed904d21417e08b1da
target_load_5_20/raw/targets_5/h3/bernoulli/targets_5_acbba_h3_bernoulli_025/target_performance.csv,28970,42777cbc6321be455a15147de23f64968f20a4264b5428075a2cfb5c6b267870
target_load_5_20/raw/targets_5/h3/bernoulli/targets_5_acbba_h3_bernoulli_025/trial_summary.csv,8745,056ac259390fc29cdc76a42191ac28555445176d2126795d16e9b97fc2947c03
target_load_5_20/raw/targets_5/h3/bernoulli/targets_5_hipc_h3_bernoulli_025/_PILOT_CONDITION_STATUS.json,640,b0af254ba6b9b5ff7fa7698c79e2e1fa095a7c6e5a76b8d8cb54e278fdb426a4
target_load_5_20/raw/targets_5/h3/bernoulli/targets_5_hipc_h3_bernoulli_025/config_used.json,1783,a0c04d4d53706e49f4cb48002e5ec6abcc05b17e33f75cf85b39669febac8b50
target_load_5_20/raw/targets_5/h3/bernoulli/targets_5_hipc_h3_bernoulli_025/robot_performance.csv,36994,a6a5f70a85ee30a1f42b36855f24a5051a1003b20a22268af0a1e31072325ccc
target_load_5_20/raw/targets_5/h3/bernoulli/targets_5_hipc_h3_bernoulli_025/system_performance.csv,12407,ec03f642f4b9cfaae6b43594fd83c0080f16c56f716f386704cb5da05964aeb4
target_load_5_20/raw/targets_5/h3/bernoulli/targets_5_hipc_h3_bernoulli_025/target_performance.csv,28734,a1e17d5efdeb0949ffa28678baef54b51be59612bbf0dda755a4f837259163c7
target_load_5_20/raw/targets_5/h3/bernoulli/targets_5_hipc_h3_bernoulli_025/trial_summary.csv,8684,d8a9852b69cd30e3ac7b72d394f9765b3c634235abeec9a475e6cd6a47f0e597
target_load_5_20/raw/targets_5/h3/ideal/targets_5_acbba_h3_ideal/_PILOT_CONDITION_STATUS.json,633,f2a658d50da7137e79b577e550f2e3595e8e467ce8a37a596a7b07f0b137551b
target_load_5_20/raw/targets_5/h3/ideal/targets_5_acbba_h3_ideal/config_used.json,1769,9b36e2ac55e0991e61ebd47f6aba9dc4fd8dbd21367d4307a5637a6736dcc09a
target_load_5_20/raw/targets_5/h3/ideal/targets_5_acbba_h3_ideal/robot_performance.csv,35776,5c401563deef71d5dfa12bae3f28bb7a2b2934c476c550c9668b2ed221a94974
target_load_5_20/raw/targets_5/h3/ideal/targets_5_acbba_h3_ideal/system_performance.csv,11315,e67555ab434dbc258c49bba8f7e650b8cabae4b84cdee0aa8b1469f7b5228282
target_load_5_20/raw/targets_5/h3/ideal/targets_5_acbba_h3_ideal/target_performance.csv,26746,796dc8ad0621f1ba7e59506f81d1ad1ab0c6dc29f31ee1893526215de8b7980c
target_load_5_20/raw/targets_5/h3/ideal/targets_5_acbba_h3_ideal/trial_summary.csv,8297,640a5f16601e3cd61197e07ea4feb532ac51f374a538a963c70a67f5d71e0dc2
target_load_5_20/raw/targets_5/h3/ideal/targets_5_hipc_h3_ideal/_PILOT_CONDITION_STATUS.json,632,12457978893a9c1ebf9b15a4402bcb45707859a0e459719b96946fb159d80bbf
target_load_5_20/raw/targets_5/h3/ideal/targets_5_hipc_h3_ideal/config_used.json,1765,297412641f105bfd089cebb02945ec519eff625ab801e831915af4348b39000b
target_load_5_20/raw/targets_5/h3/ideal/targets_5_hipc_h3_ideal/robot_performance.csv,34917,e7c23ef30d5ce931acd322edbf1819dde9d4a8f1ef5fbebee80243178129a10f
target_load_5_20/raw/targets_5/h3/ideal/targets_5_hipc_h3_ideal/system_performance.csv,11539,7b3a1cf73cec04d4eda25e7aa456ee376b4e0f1647f5b819994220eeaa55f257
target_load_5_20/raw/targets_5/h3/ideal/targets_5_hipc_h3_ideal/target_performance.csv,26476,33642ea776014ad732abc9a06e01d7714854fd6e0cb402536333d0156fcfa926
target_load_5_20/raw/targets_5/h3/ideal/targets_5_hipc_h3_ideal/trial_summary.csv,8226,33d9e575c3415b1d2528d2b30c3f7b8880e64aa185f7360e1765fa4993fc1651
target_load_5_20/raw/targets_5/h5/bernoulli/targets_5_acbba_h5_bernoulli_025/_PILOT_CONDITION_STATUS.json,641,a140659995e37ea37a042236c0290f0936986087063a091e1b177a30ca281779
target_load_5_20/raw/targets_5/h5/bernoulli/targets_5_acbba_h5_bernoulli_025/config_used.json,1787,91cc22c7b379ec88c1a3146c5d7534ae9be9fefca3b3862726aa4b15b950670e
target_load_5_20/raw/targets_5/h5/bernoulli/targets_5_acbba_h5_bernoulli_025/robot_performance.csv,37272,6b743631cc86acde12f26e1c5cdaf7081c98f9166bb1ec77e9d1e71786d1e3f9
target_load_5_20/raw/targets_5/h5/bernoulli/targets_5_acbba_h5_bernoulli_025/system_performance.csv,12228,8cddeaa7306a691a55667bb7f531aad02c3a54daee09a3af3c91c34c90865344
target_load_5_20/raw/targets_5/h5/bernoulli/targets_5_acbba_h5_bernoulli_025/target_performance.csv,28984,40011de268c7dfff35e486c6e5b0270fef1d4fde56815ae9af9718f97ebff192
target_load_5_20/raw/targets_5/h5/bernoulli/targets_5_acbba_h5_bernoulli_025/trial_summary.csv,8733,c2e7ae373851105a5ede3f1d43881c5eff0133111f0da7aa8563851ec92a6be7
target_load_5_20/raw/targets_5/h5/bernoulli/targets_5_hipc_h5_bernoulli_025/_PILOT_CONDITION_STATUS.json,640,18616f1b540348c9b4ed57b8632affad42e50d07ff0b242a409bef35367f9977
target_load_5_20/raw/targets_5/h5/bernoulli/targets_5_hipc_h5_bernoulli_025/config_used.json,1783,7b616e97e0288d26e3b7de02e0a03bef5b7193c47e27cdc038dde9e0bba32725
target_load_5_20/raw/targets_5/h5/bernoulli/targets_5_hipc_h5_bernoulli_025/robot_performance.csv,36911,26c6dcc56c124b469515f6c8db6380f23a5a6b0795e00eee43aa40c27879db90
target_load_5_20/raw/targets_5/h5/bernoulli/targets_5_hipc_h5_bernoulli_025/system_performance.csv,12357,ca5f2aae39e11d228ddbde3239d7bb6ccb56f0909d46bf110b3a5cf146e8c8e9
target_load_5_20/raw/targets_5/h5/bernoulli/targets_5_hipc_h5_bernoulli_025/target_performance.csv,28744,8b4095ffa6d340d879cb2714474f2b789cd7621c42a676b466a104892ae7ae75
target_load_5_20/raw/targets_5/h5/bernoulli/targets_5_hipc_h5_bernoulli_025/trial_summary.csv,8677,adc69ebc6df10c7dd957109dd006758146a8462d91060fe1579387d98c242662
target_load_5_20/raw/targets_5/h5/ideal/targets_5_acbba_h5_ideal/_PILOT_CONDITION_STATUS.json,633,b11b27d1be05186b3cf50df56c06d6ecc77da27b2f1b797494438fd3bc17c6e6
target_load_5_20/raw/targets_5/h5/ideal/targets_5_acbba_h5_ideal/config_used.json,1769,396b6d641dd92d9bc46a239c3a479ac7aaa81e5922a0103dd599f2facf188a95
target_load_5_20/raw/targets_5/h5/ideal/targets_5_acbba_h5_ideal/robot_performance.csv,35681,c4f2f4eec7dd9ad16fb7b6d0fbf8b054c9ae38da915bfb51ed240dd3e6e4211e
target_load_5_20/raw/targets_5/h5/ideal/targets_5_acbba_h5_ideal/system_performance.csv,11247,7d62d3c0321ffdc574ffcf93dbee95accece0170c292fdc832af8870be9a5258
target_load_5_20/raw/targets_5/h5/ideal/targets_5_acbba_h5_ideal/target_performance.csv,26754,53d4503fb88609a48219135a74a1fec89b153d0e2161c99d5c812c3a1dc9ed4f
target_load_5_20/raw/targets_5/h5/ideal/targets_5_acbba_h5_ideal/trial_summary.csv,8272,eb55938db8d9432a60d7898fc308d0f0b9c8a6b46bd9e692cade2840e8a948f1
target_load_5_20/raw/targets_5/h5/ideal/targets_5_hipc_h5_ideal/_PILOT_CONDITION_STATUS.json,632,67a25ebee2ebccc5fa739b4d6de3f7f5701072d0e7f009c1cd9fd8a48289dd76
target_load_5_20/raw/targets_5/h5/ideal/targets_5_hipc_h5_ideal/config_used.json,1765,57258ca00b3cbcace1d7caa902f5501900eb5c9c76b173f3ed28394a4a7a8002
target_load_5_20/raw/targets_5/h5/ideal/targets_5_hipc_h5_ideal/robot_performance.csv,34920,f8d81c830a510712cfa8ea2defa22943718baf60c071bacab4d117e0a466dd78
target_load_5_20/raw/targets_5/h5/ideal/targets_5_hipc_h5_ideal/system_performance.csv,11411,651868c9d6dcd0eca01d41e31fed07aa97f800dc636b94105aee6552bc6a39b7
target_load_5_20/raw/targets_5/h5/ideal/targets_5_hipc_h5_ideal/target_performance.csv,26496,ae44bba02a8b03fd91eb678020bb7222c34f4744ced53e09541030f2848a54da
target_load_5_20/raw/targets_5/h5/ideal/targets_5_hipc_h5_ideal/trial_summary.csv,8220,4cbdc22d7602d4d6a0cd21c37a9145c7a20bf22c8eacbce651b38f56e18cfe1b
target_load_5_20/raw/targets_5/h8/bernoulli/targets_5_acbba_h8_bernoulli_025/_PILOT_CONDITION_STATUS.json,641,565df9e40ff76756d9350315b7558704a14040c326cb3c3f42b7c64dc70e2e00
target_load_5_20/raw/targets_5/h8/bernoulli/targets_5_acbba_h8_bernoulli_025/config_used.json,1787,c460e041661204834aa74a6c08fe95e9c67115d0e411fc708e94ce98bf0172ee
target_load_5_20/raw/targets_5/h8/bernoulli/targets_5_acbba_h8_bernoulli_025/robot_performance.csv,37157,ba1896179c878f0bba99164226ee02fec6e6c5a3464d4b5043fe4b94956ba478
target_load_5_20/raw/targets_5/h8/bernoulli/targets_5_acbba_h8_bernoulli_025/system_performance.csv,12237,f94de67d06c2bfc8d98b34f783eec7496ae952cf17a43a2d838d05436e889aa7
target_load_5_20/raw/targets_5/h8/bernoulli/targets_5_acbba_h8_bernoulli_025/target_performance.csv,28984,cec32b3ff1410dba70856c0c429ccadb7eb94f2b84e5824ebbbf88a31d8f794f
target_load_5_20/raw/targets_5/h8/bernoulli/targets_5_acbba_h8_bernoulli_025/trial_summary.csv,8733,898add94951115a5523ff4ddcd1bf28857c3e6a846c7c7d0a8e1fea39be8e138
target_load_5_20/raw/targets_5/h8/bernoulli/targets_5_hipc_h8_bernoulli_025/_PILOT_CONDITION_STATUS.json,640,2a792e9031564e0f2796fd59eccca7fa2e43590a72bee3a214341c9230020770
target_load_5_20/raw/targets_5/h8/bernoulli/targets_5_hipc_h8_bernoulli_025/config_used.json,1783,27eddd36a1a1a6cdf42432daf7cfbd2bee0278c87e6590749c3d74ae04c566ab
target_load_5_20/raw/targets_5/h8/bernoulli/targets_5_hipc_h8_bernoulli_025/robot_performance.csv,36913,14ab91526403d2fd13c9de4cad074fda0cefa5cc23ab8ebc17b941a45bc4c5b1
target_load_5_20/raw/targets_5/h8/bernoulli/targets_5_hipc_h8_bernoulli_025/system_performance.csv,12351,f2ff6435bca229cf94795c4eaf8a158b9a8842d135782851464f52222f21627d
target_load_5_20/raw/targets_5/h8/bernoulli/targets_5_hipc_h8_bernoulli_025/target_performance.csv,28744,b798fa8e6a97ca8d403adf3c8a25449aba879af568425cedde26ea3ca78829f8
target_load_5_20/raw/targets_5/h8/bernoulli/targets_5_hipc_h8_bernoulli_025/trial_summary.csv,8677,0a542c7f71eee7db3e04e886eeca78bb3b7cd069c2393be4687e2db7ff603fc9
target_load_5_20/raw/targets_5/h8/ideal/targets_5_acbba_h8_ideal/_PILOT_CONDITION_STATUS.json,633,c42d74788b1f2e8d8cdc4b348ec3f409dfa550a8090b5ea0182230b5cf00cd40
target_load_5_20/raw/targets_5/h8/ideal/targets_5_acbba_h8_ideal/config_used.json,1769,e6c3d3f67d64dca5da6f6d8273930d613e1a681203fa06afebfe493cae2063aa
target_load_5_20/raw/targets_5/h8/ideal/targets_5_acbba_h8_ideal/robot_performance.csv,35671,2ec905969801abfc7dfedcbb57c2caba5d3d64c7c89edc616cc2f65928290926
target_load_5_20/raw/targets_5/h8/ideal/targets_5_acbba_h8_ideal/system_performance.csv,11254,29181c51b6b7aed544504e36aece030053ecbef34c4eb1ec41cda1ce5412487f
target_load_5_20/raw/targets_5/h8/ideal/targets_5_acbba_h8_ideal/target_performance.csv,26754,24dea9e6167c935c6c4041575a07e2c468322a99363507452b73ba098ddccb78
target_load_5_20/raw/targets_5/h8/ideal/targets_5_acbba_h8_ideal/trial_summary.csv,8272,4285d569a3e00510b2af331ee938f86edf8534fd0f4981178718d6c53bae69e3
target_load_5_20/raw/targets_5/h8/ideal/targets_5_hipc_h8_ideal/_PILOT_CONDITION_STATUS.json,632,7a9458a9b4cc2f1c3134ab05d1ee3c4fae361bd20aca114e61c20c0d54912363
target_load_5_20/raw/targets_5/h8/ideal/targets_5_hipc_h8_ideal/config_used.json,1765,3c4b9ec36537604b8b7b739bb20702501f27519b19ac3aec93f001c486a545b6
target_load_5_20/raw/targets_5/h8/ideal/targets_5_hipc_h8_ideal/robot_performance.csv,35084,07df163c11fcf397ba3ed5c6df6fb7cc5023bf4ef087861d8a62ae6d626e4af0
target_load_5_20/raw/targets_5/h8/ideal/targets_5_hipc_h8_ideal/system_performance.csv,11413,203d0ed0eb2c1ae8c492e4264799cadbd50c7daf970f4896ce9d761eed684b57
target_load_5_20/raw/targets_5/h8/ideal/targets_5_hipc_h8_ideal/target_performance.csv,26496,4c4d4ee4ee55f3ecaaec15c34d98dddb62756ece109c14e894918148d12834d0
target_load_5_20/raw/targets_5/h8/ideal/targets_5_hipc_h8_ideal/trial_summary.csv,8220,481f7e52d58070f1bc62327e80c23a643f132b6e384da5a7216b527446201b81
