trial_id,trial_mode,algorithm,comm_model,comm_level,grid_size,grid_cells,robot_count,target_count,condition_id,scenario_file,completed_target_count,all_targets_visited,final_target_completion_time_s,final_target_completion_sim_time_s,duplicate_target_visits,target_conflicts,task_cell_revisits_total,total_team_steps,max_robot_steps,unique_cells_visited,system_revisits,task_cell_replans_total,path_replans_total,collision_prevention_events,blocked_task_quarantines_total,blocked_task_quarantine_time_s_total,maximum_quarantine_level,events_processed,stall_recoveries_total,messages_sent_total,messages_delivered_total,messages_dropped_total,protected_messages_sent_total,unprotected_messages_sent_total,core_messages_sent_total,allocation_messages_sent_total,message_drop_fraction,messages_per_completed_target,allocation_messages_per_completed_target,messages_sent_by_topic,workload_gini_targets_found,workload_gini_unique_cells_contributed,allocator_calls_total,allocator_time_ms_team_total,allocator_time_ms_team_max,allocator_solve_time_ms_team_total,allocator_solve_time_ms_team_max,candidate_filter_calls_total,candidate_filter_time_ms_team_total,candidate_filter_time_ms_team_max,trial_status
0,known_visit,ACBBA,bernoulli,drop_0.25,19,361,4,5,targets_5_acbba_h3_bernoulli_025,C:\Users\lottj\Desktop\research\decentralized benchmark\commitment-horizon-study\scenarios\known_visit_g19_t5_n25.csv,5,True,61.26082841207598,61.26082841207598,0,0,0,80,36,83,1,5,1,1,0,0.0,0,390,0,281,706,136,84,197,168,113,0.2305084745762712,56.2,22.6,acbba_entry:113;collision_intent:84;state:84,0.55,0.2801204819277108,242,41.9738,0.4459,15.854,0.2854,242,26.1198,0.1933,completed
1,known_visit,ACBBA,bernoulli,drop_0.25,19,361,4,5,targets_5_acbba_h3_bernoulli_025,C:\Users\lottj\Desktop\research\decentralized benchmark\commitment-horizon-study\scenarios\known_visit_g19_t5_n25.csv,5,True,26.89259866656454,26.89259866656454,0,0,0,45,16,49,0,4,1,1,0,0.0,0,165,0,198,479,113,51,147,100,98,0.25740318906605925,39.6,19.6,acbba_entry:98;collision_intent:51;state:49,0.1499999999999999,0.1377551020408163,82,15.9409,0.6612,6.6795,0.4608,82,9.2614,0.2012,completed
2,known_visit,ACBBA,bernoulli,drop_0.25,19,361,4,5,targets_5_acbba_h3_bernoulli_025,C:\Users\lottj\Desktop\research\decentralized benchmark\commitment-horizon-study\scenarios\known_visit_g19_t5_n25.csv,5,True,30.263889289419065,30.263889289419065,2,2,2,61,18,62,3,2,0,0,0,0.0,0,169,0,257,628,142,64,193,129,128,0.24567474048442905,51.4,25.6,acbba_entry:128;collision_intent:64;state:65,0.55,0.12096774193548376,60,12.1334,0.3535,5.3817,0.224,60,6.7517,0.1644,completed
3,known_visit,ACBBA,bernoulli,drop_0.25,19,361,4,5,targets_5_acbba_h3_bernoulli_025,C:\Users\lottj\Desktop\research\decentralized benchmark\commitment-horizon-study\scenarios\known_visit_g19_t5_n25.csv,5,True,36.67525259833143,36.67525259833143,0,0,0,49,22,51,2,2,9,1,3,65.0,3,231,0,177,433,96,52,125,105,72,0.257372654155496,35.4,14.4,acbba_entry:72;collision_intent:52;state:53,0.3500000000000001,0.3088235294117647,140,22.0868,0.3659,7.6937,0.2286,140,14.3931,0.173,completed
4,known_visit,ACBBA,bernoulli,drop_0.25,19,361,4,5,targets_5_acbba_h3_bernoulli_025,C:\Users\lottj\Desktop\research\decentralized benchmark\commitment-horizon-study\scenarios\known_visit_g19_t5_n25.csv,5,True,35.57183911458011,35.57183911458011,0,0,0,67,21,71,0,2,0,0,0,0.0,0,202,0,223,535,129,68,155,139,84,0.28043478260869564,44.6,16.8,acbba_entry:84;collision_intent:68;state:71,0.44999999999999996,0.1795774647887325,77,14.9655,0.5368,6.384,0.3514,77,8.5815,0.1997,completed
5,known_visit,ACBBA,bernoulli,drop_0.25,19,361,4,5,targets_5_acbba_h3_bernoulli_025,C:\Users\lottj\Desktop\research\decentralized benchmark\commitment-horizon-study\scenarios\known_visit_g19_t5_n25.csv,5,True,33.30570198686274,33.30570198686274,0,0,0,55,20,59,0,4,0,0,0,0.0,0,202,0,214,518,122,60,154,119,95,0.26521739130434785,42.8,19.0,acbba_entry:95;collision_intent:60;state:59,0.3500000000000001,0.19915254237288127,101,19.6643,0.5357,8.0013,0.3426,101,11.663,0.206,completed
6,known_visit,ACBBA,bernoulli,drop_0.25,19,361,4,5,targets_5_acbba_h3_bernoulli_025,C:\Users\lottj\Desktop\research\decentralized benchmark\commitment-horizon-study\scenarios\known_visit_g19_t5_n25.csv,5,True,43.92441659589059,43.92441659589059,0,0,0,63,26,63,4,10,3,1,1,5.0,1,275,0,236,568,137,67,169,134,102,0.2718253968253968,47.2,20.4,acbba_entry:102;collision_intent:67;state:67,0.55,0.3134920634920635,156,26.8624,0.6524,10.2885,0.4301,156,16.5739,0.2223,completed
7,known_visit,ACBBA,bernoulli,drop_0.25,19,361,4,5,targets_5_acbba_h3_bernoulli_025,C:\Users\lottj\Desktop\research\decentralized benchmark\commitment-horizon-study\scenarios\known_visit_g19_t5_n25.csv,5,True,32.65791526863933,32.65791526863933,1,1,1,59,20,62,1,2,0,0,0,0.0,0,187,0,212,514,119,63,149,126,86,0.268018018018018,42.4,17.2,acbba_entry:86;collision_intent:63;state:63,0.55,0.153225806451613,80,15.3639,0.4747,6.0985,0.2884,80,9.2654,0.1863,completed
8,known_visit,ACBBA,bernoulli,drop_0.25,19,361,4,5,targets_5_acbba_h3_bernoulli_025,C:\Users\lottj\Desktop\research\decentralized benchmark\commitment-horizon-study\scenarios\known_visit_g19_t5_n25.csv,5,True,34.73305621670965,34.73305621670965,1,1,1,61,21,61,4,2,7,3,2,10.0,1,206,0,217,526,116,68,149,133,84,0.26303854875283444,43.4,16.8,acbba_entry:84;collision_intent:68;state:65,0.3500000000000001,0.20901639344262302,87,16.5928,0.544,6.7295,0.3244,87,9.8633,0.2196,completed
9,known_visit,ACBBA,bernoulli,drop_0.25,19,361,4,5,targets_5_acbba_h3_bernoulli_025,C:\Users\lottj\Desktop\research\decentralized benchmark\commitment-horizon-study\scenarios\known_visit_g19_t5_n25.csv,5,True,42.563457468592915,42.563457468592915,0,0,0,60,19,64,0,1,6,1,2,20.0,2,267,0,202,496,108,65,137,129,73,0.26405867970660146,40.4,14.6,acbba_entry:73;collision_intent:65;state:64,0.3500000000000001,0.140625,150,25.1999,0.3659,9.1307,0.2384,150,16.0692,0.1391,completed
10,known_visit,ACBBA,bernoulli,drop_0.25,19,361,4,5,targets_5_acbba_h3_bernoulli_025,C:\Users\lottj\Desktop\research\decentralized benchmark\commitment-horizon-study\scenarios\known_visit_g19_t5_n25.csv,5,True,33.28432332836061,33.28432332836061,1,1,1,53,20,51,6,2,0,0,0,0.0,0,199,0,191,467,101,57,134,114,77,0.25440806045340053,38.2,15.4,acbba_entry:77;collision_intent:57;state:57,0.3500000000000001,0.25,97,17.6618,0.438,6.8305,0.2546,97,10.8313,0.1834,completed
11,known_visit,ACBBA,bernoulli,drop_0.25,19,361,4,5,targets_5_acbba_h3_bernoulli_025,C:\Users\lottj\Desktop\research\decentralized benchmark\commitment-horizon-study\scenarios\known_visit_g19_t5_n25.csv,5,True,44.31727902589992,44.31727902589992,2,2,2,56,26,56,4,1,0,0,0,0.0,0,285,0,202,502,101,60,142,120,82,0.23877068557919623,40.4,16.4,acbba_entry:82;collision_intent:60;state:60,0.44999999999999996,0.3214285714285714,178,26.8912,0.3499,8.8684,0.2193,178,18.0228,0.1306,completed
12,known_visit,ACBBA,bernoulli,drop_0.25,19,361,4,5,targets_5_acbba_h3_bernoulli_025,C:\Users\lottj\Desktop\research\decentralized benchmark\commitment-horizon-study\scenarios\known_visit_g19_t5_n25.csv,5,True,48.17047470980562,48.17047470980562,0,0,0,58,29,60,2,2,7,2,2,20.0,2,313,0,199,491,103,62,137,124,75,0.25245098039215685,39.8,15.0,acbba_entry:75;collision_intent:62;state:62,0.3500000000000001,0.3500000000000001,202,33.0491,0.3483,11.4863,0.2249,202,21.5628,0.1634,completed
13,known_visit,ACBBA,bernoulli,drop_0.25,19,361,4,5,targets_5_acbba_h3_bernoulli_025,C:\Users\lottj\Desktop\research\decentralized benchmark\commitment-horizon-study\scenarios\known_visit_g19_t5_n25.csv,5,True,41.9599786207119,41.9599786207119,2,2,2,74,25,58,20,8,4,2,1,5.0,1,245,0,262,649,134,82,180,160,102,0.24953445065176907,52.4,20.4,acbba_entry:102;collision_intent:82;state:78,0.44999999999999996,0.2068965517241379,100,17.4105,0.3485,6.8671,0.2181,100,10.5434,0.1439,completed
14,known_visit,ACBBA,bernoulli,drop_0.25,19,361,4,5,targets_5_acbba_h3_bernoulli_025,C:\Users\lottj\Desktop\research\decentralized benchmark\commitment-horizon-study\scenarios\known_visit_g19_t5_n25.csv,5,True,40.52101952166174,40.52101952166174,0,0,0,71,24,74,1,3,3,1,1,5.0,1,232,0,250,611,136,77,173,152,98,0.26356589147286824,50.0,19.6,acbba_entry:98;collision_intent:77;state:75,0.44999999999999996,0.15540540540540548,100,18.6212,0.3463,7.4336,0.2177,100,11.1876,0.1416,completed
15,known_visit,ACBBA,bernoulli,drop_0.25,19,361,4,5,targets_5_acbba_h3_bernoulli_025,C:\Users\lottj\Desktop\research\decentralized benchmark\commitment-horizon-study\scenarios\known_visit_g19_t5_n25.csv,5,True,48.02191661583835,48.02191661583835,0,0,0,86,28,88,2,2,0,0,0,0.0,0,276,0,272,668,145,91,181,181,91,0.26851851851851855,54.4,18.2,acbba_entry:91;collision_intent:91;state:90,0.1499999999999999,0.10227272727272729,113,20.748,0.3467,8.039,0.2176,113,12.709,0.1404,completed
16,known_visit,ACBBA,bernoulli,drop_0.25,19,361,4,5,targets_5_acbba_h3_bernoulli_025,C:\Users\lottj\Desktop\research\decentralized benchmark\commitment-horizon-study\scenarios\known_visit_g19_t5_n25.csv,5,True,41.83074859901988,41.83074859901988,0,0,0,55,24,59,0,3,0,0,0,0.0,0,265,0,238,583,128,60,178,119,119,0.24105461393596986,47.6,23.8,acbba_entry:119;collision_intent:60;state:59,0.55,0.30084745762711873,165,28.1448,0.3434,10.3823,0.2144,165,17.7625,0.1541,completed
17,known_visit,ACBBA,bernoulli,drop_0.25,19,361,4,5,targets_5_acbba_h3_bernoulli_025,C:\Users\lottj\Desktop\research\decentralized benchmark\commitment-horizon-study\scenarios\known_visit_g19_t5_n25.csv,5,True,42.60825445908365,42.60825445908365,3,3,3,84,25,78,10,3,0,0,0,0.0,0,233,0,293,702,175,87,206,175,118,0.2840909090909091,58.6,23.6,acbba_entry:118;collision_intent:87;state:88,0.1499999999999999,0.16025641025641035,76,14.4821,0.4431,5.9915,0.2804,76,8.4906,0.2478,completed
18,known_visit,ACBBA,bernoulli,drop_0.25,19,361,4,5,targets_5_acbba_h3_bernoulli_025,C:\Users\lottj\Desktop\research\decentralized benchmark\commitment-horizon-study\scenarios\known_visit_g19_t5_n25.csv,5,True,42.13722147097088,42.13722147097088,2,2,2,68,25,68,4,4,0,0,0,0.0,0,253,0,222,545,118,71,151,143,79,0.26222222222222225,44.4,15.8,acbba_entry:79;collision_intent:71;state:72,0.6499999999999999,0.23529411764705888,124,21.5013,1.1844,8.2364,0.9913,124,13.2649,0.1931,completed
19,known_visit,ACBBA,bernoulli,drop_0.25,19,361,4,5,targets_5_acbba_h3_bernoulli_025,C:\Users\lottj\Desktop\research\decentralized benchmark\commitment-horizon-study\scenarios\known_visit_g19_t5_n25.csv,5,True,52.43645480654446,52.43645480654446,1,1,1,73,31,73,4,3,0,0,0,0.0,0,328,0,251,629,121,77,174,154,97,0.23314065510597304,50.2,19.4,acbba_entry:97;collision_intent:77;state:77,0.3500000000000001,0.24315068493150682,190,31.5219,0.3601,10.8909,0.2288,190,20.631,0.1787,completed
20,known_visit,ACBBA,bernoulli,drop_0.25,19,361,4,5,targets_5_acbba_h3_bernoulli_025,C:\Users\lottj\Desktop\research\decentralized benchmark\commitment-horizon-study\scenarios\known_visit_g19_t5_n25.csv,5,True,45.56488848356071,45.56488848356071,2,2,2,77,27,70,11,1,0,0,0,0.0,0,267,0,229,568,117,81,148,162,67,0.2647058823529412,45.8,13.4,acbba_entry:67;collision_intent:81;state:81,0.6499999999999999,0.19999999999999996,119,21.5378,0.474,7.9361,0.3146,119,13.6017,0.3655,completed
21,known_visit,ACBBA,bernoulli,drop_0.25,19,361,4,5,targets_5_acbba_h3_bernoulli_025,C:\Users\lottj\Desktop\research\decentralized benchmark\commitment-horizon-study\scenarios\known_visit_g19_t5_n25.csv,5,True,39.11549239356188,39.11549239356188,0,0,0,58,23,60,2,4,3,1,1,5.0,1,239,0,212,523,110,62,150,124,88,0.24608501118568232,42.4,17.6,acbba_entry:88;collision_intent:62;state:62,0.1499999999999999,0.21666666666666656,131,21.9164,0.49,8.0511,0.2937,131,13.8653,0.2363,completed
22,known_visit,ACBBA,bernoulli,drop_0.25,19,361,4,5,targets_5_acbba_h3_bernoulli_025,C:\Users\lottj\Desktop\research\decentralized benchmark\commitment-horizon-study\scenarios\known_visit_g19_t5_n25.csv,5,True,53.00441208925738,53.00441208925738,0,0,0,65,31,69,0,5,0,0,0,0.0,0,340,0,280,705,133,71,209,140,140,0.2128,56.0,28.0,acbba_entry:140;collision_intent:71;state:69,0.44999999999999996,0.3007246376811594,224,39.1791,0.3731,14.5231,0.222,224,24.656,0.1684,completed
23,known_visit,ACBBA,bernoulli,drop_0.25,19,361,4,5,targets_5_acbba_h3_bernoulli_025,C:\Users\lottj\Desktop\research\decentralized benchmark\commitment-horizon-study\scenarios\known_visit_g19_t5_n25.csv,5,True,47.34052985805652,47.34052985805652,0,0,0,60,28,64,0,1,0,0,0,0.0,0,304,0,193,478,100,63,130,127,66,0.2570694087403599,38.6,13.2,acbba_entry:66;collision_intent:63;state:64,0.3500000000000001,0.3515625,191,30.6712,0.3442,10.7847,0.2143,191,19.8865,0.1543,completed
24,known_visit,ACBBA,bernoulli,drop_0.25,19,361,4,5,targets_5_acbba_h3_bernoulli_025,C:\Users\lottj\Desktop\research\decentralized benchmark\commitment-horizon-study\scenarios\known_visit_g19_t5_n25.csv,5,True,39.70692351212171,39.70692351212171,1,1,1,68,23,68,4,4,1,1,0,0.0,0,231,0,247,621,117,76,171,148,99,0.22941176470588234,49.4,19.8,acbba_entry:99;collision_intent:76;state:72,0.44999999999999996,0.17647058823529416,105,19.2991,0.5938,7.6537,0.3788,105,11.6454,0.22,completed
