trial_id,trial_mode,algorithm,comm_model,comm_level,grid_size,grid_cells,robot_count,target_count,condition_id,scenario_file,target_index,target_x,target_y,first_completion_time_s,first_completion_sim_time_s,first_found_by_robot,first_finder_robot_id,total_visits,duplicate_visits,completed,trial_status
0,known_visit,HIPC,bernoulli,drop_0.25,19,361,4,5,targets_5_hipc_h8_bernoulli_025,C:\Users\lottj\Desktop\research\decentralized benchmark\commitment-horizon-study\scenarios\known_visit_g19_t5_n25.csv,1,10,12,19.59171211949295,19.59171211949295,02,02,1,0,True,completed
0,known_visit,HIPC,bernoulli,drop_0.25,19,361,4,5,targets_5_hipc_h8_bernoulli_025,C:\Users\lottj\Desktop\research\decentralized benchmark\commitment-horizon-study\scenarios\known_visit_g19_t5_n25.csv,2,15,17,37.060550576968915,37.060550576968915,02,02,1,0,True,completed
0,known_visit,HIPC,bernoulli,drop_0.25,19,361,4,5,targets_5_hipc_h8_bernoulli_025,C:\Users\lottj\Desktop\research\decentralized benchmark\commitment-horizon-study\scenarios\known_visit_g19_t5_n25.csv,3,16,5,70.36398742025273,70.36398742025273,02,02,1,0,True,completed
0,known_visit,HIPC,bernoulli,drop_0.25,19,361,4,5,targets_5_hipc_h8_bernoulli_025,C:\Users\lottj\Desktop\research\decentralized benchmark\commitment-horizon-study\scenarios\known_visit_g19_t5_n25.csv,4,18,18,44.264093355977224,44.264093355977224,02,02,1,0,True,completed
0,known_visit,HIPC,bernoulli,drop_0.25,19,361,4,5,targets_5_hipc_h8_bernoulli_025,C:\Users\lottj\Desktop\research\decentralized benchmark\commitment-horizon-study\scenarios\known_visit_g19_t5_n25.csv,5,2,11,3.9317043399798965,3.9317043399798965,02,02,2,1,True,completed
1,known_visit,HIPC,bernoulli,drop_0.25,19,361,4,5,targets_5_hipc_h8_bernoulli_025,C:\Users\lottj\Desktop\research\decentralized benchmark\commitment-horizon-study\scenarios\known_visit_g19_t5_n25.csv,1,6,10,26.47374519746214,26.47374519746214,03,03,1,0,True,completed
1,known_visit,HIPC,bernoulli,drop_0.25,19,361,4,5,targets_5_hipc_h8_bernoulli_025,C:\Users\lottj\Desktop\research\decentralized benchmark\commitment-horizon-study\scenarios\known_visit_g19_t5_n25.csv,2,3,16,6.9464963101409385,6.9464963101409385,03,03,1,0,True,completed
1,known_visit,HIPC,bernoulli,drop_0.25,19,361,4,5,targets_5_hipc_h8_bernoulli_025,C:\Users\lottj\Desktop\research\decentralized benchmark\commitment-horizon-study\scenarios\known_visit_g19_t5_n25.csv,3,7,16,13.968197423906453,13.968197423906453,03,03,1,0,True,completed
1,known_visit,HIPC,bernoulli,drop_0.25,19,361,4,5,targets_5_hipc_h8_bernoulli_025,C:\Users\lottj\Desktop\research\decentralized benchmark\commitment-horizon-study\scenarios\known_visit_g19_t5_n25.csv,4,10,1,25.123681626468976,25.123681626468976,00,00,1,0,True,completed
1,known_visit,HIPC,bernoulli,drop_0.25,19,361,4,5,targets_5_hipc_h8_bernoulli_025,C:\Users\lottj\Desktop\research\decentralized benchmark\commitment-horizon-study\scenarios\known_visit_g19_t5_n25.csv,5,0,8,4.69076036723865,4.69076036723865,01,01,1,0,True,completed
2,known_visit,HIPC,bernoulli,drop_0.25,19,361,4,5,targets_5_hipc_h8_bernoulli_025,C:\Users\lottj\Desktop\research\decentralized benchmark\commitment-horizon-study\scenarios\known_visit_g19_t5_n25.csv,1,11,5,26.807414212737392,26.807414212737392,01,01,1,0,True,completed
2,known_visit,HIPC,bernoulli,drop_0.25,19,361,4,5,targets_5_hipc_h8_bernoulli_025,C:\Users\lottj\Desktop\research\decentralized benchmark\commitment-horizon-study\scenarios\known_visit_g19_t5_n25.csv,2,9,8,17.542394605417783,17.542394605417783,01,01,1,0,True,completed
2,known_visit,HIPC,bernoulli,drop_0.25,19,361,4,5,targets_5_hipc_h8_bernoulli_025,C:\Users\lottj\Desktop\research\decentralized benchmark\commitment-horizon-study\scenarios\known_visit_g19_t5_n25.csv,3,7,14,14.769835409733036,14.769835409733036,02,02,1,0,True,completed
2,known_visit,HIPC,bernoulli,drop_0.25,19,361,4,5,targets_5_hipc_h8_bernoulli_025,C:\Users\lottj\Desktop\research\decentralized benchmark\commitment-horizon-study\scenarios\known_visit_g19_t5_n25.csv,4,2,13,3.8723202392645826,3.8723202392645826,02,02,1,0,True,completed
2,known_visit,HIPC,bernoulli,drop_0.25,19,361,4,5,targets_5_hipc_h8_bernoulli_025,C:\Users\lottj\Desktop\research\decentralized benchmark\commitment-horizon-study\scenarios\known_visit_g19_t5_n25.csv,5,6,6,8.699054004060379,8.699054004060379,01,01,1,0,True,completed
3,known_visit,HIPC,bernoulli,drop_0.25,19,361,4,5,targets_5_hipc_h8_bernoulli_025,C:\Users\lottj\Desktop\research\decentralized benchmark\commitment-horizon-study\scenarios\known_visit_g19_t5_n25.csv,1,17,11,36.403646454001446,36.403646454001446,01,01,1,0,True,completed
3,known_visit,HIPC,bernoulli,drop_0.25,19,361,4,5,targets_5_hipc_h8_bernoulli_025,C:\Users\lottj\Desktop\research\decentralized benchmark\commitment-horizon-study\scenarios\known_visit_g19_t5_n25.csv,2,3,15,9.309859164631737,9.309859164631737,03,03,1,0,True,completed
3,known_visit,HIPC,bernoulli,drop_0.25,19,361,4,5,targets_5_hipc_h8_bernoulli_025,C:\Users\lottj\Desktop\research\decentralized benchmark\commitment-horizon-study\scenarios\known_visit_g19_t5_n25.csv,3,1,18,0.20323283381718227,0.20323283381718227,03,03,1,0,True,completed
3,known_visit,HIPC,bernoulli,drop_0.25,19,361,4,5,targets_5_hipc_h8_bernoulli_025,C:\Users\lottj\Desktop\research\decentralized benchmark\commitment-horizon-study\scenarios\known_visit_g19_t5_n25.csv,4,7,6,10.423395889714467,10.423395889714467,01,01,1,0,True,completed
3,known_visit,HIPC,bernoulli,drop_0.25,19,361,4,5,targets_5_hipc_h8_bernoulli_025,C:\Users\lottj\Desktop\research\decentralized benchmark\commitment-horizon-study\scenarios\known_visit_g19_t5_n25.csv,5,1,16,3.9892104886205666,3.9892104886205666,03,03,1,0,True,completed
4,known_visit,HIPC,bernoulli,drop_0.25,19,361,4,5,targets_5_hipc_h8_bernoulli_025,C:\Users\lottj\Desktop\research\decentralized benchmark\commitment-horizon-study\scenarios\known_visit_g19_t5_n25.csv,1,16,4,48.062118559942554,48.062118559942554,01,01,1,0,True,completed
4,known_visit,HIPC,bernoulli,drop_0.25,19,361,4,5,targets_5_hipc_h8_bernoulli_025,C:\Users\lottj\Desktop\research\decentralized benchmark\commitment-horizon-study\scenarios\known_visit_g19_t5_n25.csv,2,18,8,37.39955072517418,37.39955072517418,01,01,1,0,True,completed
4,known_visit,HIPC,bernoulli,drop_0.25,19,361,4,5,targets_5_hipc_h8_bernoulli_025,C:\Users\lottj\Desktop\research\decentralized benchmark\commitment-horizon-study\scenarios\known_visit_g19_t5_n25.csv,3,10,9,21.741237859451804,21.741237859451804,01,01,1,0,True,completed
4,known_visit,HIPC,bernoulli,drop_0.25,19,361,4,5,targets_5_hipc_h8_bernoulli_025,C:\Users\lottj\Desktop\research\decentralized benchmark\commitment-horizon-study\scenarios\known_visit_g19_t5_n25.csv,4,18,7,39.17442428809104,39.17442428809104,01,01,1,0,True,completed
4,known_visit,HIPC,bernoulli,drop_0.25,19,361,4,5,targets_5_hipc_h8_bernoulli_025,C:\Users\lottj\Desktop\research\decentralized benchmark\commitment-horizon-study\scenarios\known_visit_g19_t5_n25.csv,5,0,7,0.4701393888133981,0.4701393888133981,01,01,2,1,True,completed
5,known_visit,HIPC,bernoulli,drop_0.25,19,361,4,5,targets_5_hipc_h8_bernoulli_025,C:\Users\lottj\Desktop\research\decentralized benchmark\commitment-horizon-study\scenarios\known_visit_g19_t5_n25.csv,1,6,13,10.525613850810101,10.525613850810101,02,02,1,0,True,completed
5,known_visit,HIPC,bernoulli,drop_0.25,19,361,4,5,targets_5_hipc_h8_bernoulli_025,C:\Users\lottj\Desktop\research\decentralized benchmark\commitment-horizon-study\scenarios\known_visit_g19_t5_n25.csv,2,13,10,28.23894004124028,28.23894004124028,02,02,1,0,True,completed
5,known_visit,HIPC,bernoulli,drop_0.25,19,361,4,5,targets_5_hipc_h8_bernoulli_025,C:\Users\lottj\Desktop\research\decentralized benchmark\commitment-horizon-study\scenarios\known_visit_g19_t5_n25.csv,3,17,11,37.300327417484695,37.300327417484695,02,02,1,0,True,completed
5,known_visit,HIPC,bernoulli,drop_0.25,19,361,4,5,targets_5_hipc_h8_bernoulli_025,C:\Users\lottj\Desktop\research\decentralized benchmark\commitment-horizon-study\scenarios\known_visit_g19_t5_n25.csv,4,4,4,9.390617474876457,9.390617474876457,01,01,1,0,True,completed
5,known_visit,HIPC,bernoulli,drop_0.25,19,361,4,5,targets_5_hipc_h8_bernoulli_025,C:\Users\lottj\Desktop\research\decentralized benchmark\commitment-horizon-study\scenarios\known_visit_g19_t5_n25.csv,5,3,2,7.145027259612679,7.145027259612679,00,00,1,0,True,completed
6,known_visit,HIPC,bernoulli,drop_0.25,19,361,4,5,targets_5_hipc_h8_bernoulli_025,C:\Users\lottj\Desktop\research\decentralized benchmark\commitment-horizon-study\scenarios\known_visit_g19_t5_n25.csv,1,5,3,12.666981823834659,12.666981823834659,00,00,1,0,True,completed
6,known_visit,HIPC,bernoulli,drop_0.25,19,361,4,5,targets_5_hipc_h8_bernoulli_025,C:\Users\lottj\Desktop\research\decentralized benchmark\commitment-horizon-study\scenarios\known_visit_g19_t5_n25.csv,2,0,2,2.290572624070372,2.290572624070372,00,00,2,1,True,completed
6,known_visit,HIPC,bernoulli,drop_0.25,19,361,4,5,targets_5_hipc_h8_bernoulli_025,C:\Users\lottj\Desktop\research\decentralized benchmark\commitment-horizon-study\scenarios\known_visit_g19_t5_n25.csv,3,18,10,48.382890812139046,48.382890812139046,00,00,1,0,True,completed
6,known_visit,HIPC,bernoulli,drop_0.25,19,361,4,5,targets_5_hipc_h8_bernoulli_025,C:\Users\lottj\Desktop\research\decentralized benchmark\commitment-horizon-study\scenarios\known_visit_g19_t5_n25.csv,4,4,4,9.400679244866355,9.400679244866355,01,01,1,0,True,completed
6,known_visit,HIPC,bernoulli,drop_0.25,19,361,4,5,targets_5_hipc_h8_bernoulli_025,C:\Users\lottj\Desktop\research\decentralized benchmark\commitment-horizon-study\scenarios\known_visit_g19_t5_n25.csv,5,15,5,34.3346685602428,34.3346685602428,00,00,1,0,True,completed
7,known_visit,HIPC,bernoulli,drop_0.25,19,361,4,5,targets_5_hipc_h8_bernoulli_025,C:\Users\lottj\Desktop\research\decentralized benchmark\commitment-horizon-study\scenarios\known_visit_g19_t5_n25.csv,1,3,12,3.491676512678303,3.491676512678303,02,02,1,0,True,completed
7,known_visit,HIPC,bernoulli,drop_0.25,19,361,4,5,targets_5_hipc_h8_bernoulli_025,C:\Users\lottj\Desktop\research\decentralized benchmark\commitment-horizon-study\scenarios\known_visit_g19_t5_n25.csv,2,12,6,29.925551550422124,29.925551550422124,02,02,1,0,True,completed
7,known_visit,HIPC,bernoulli,drop_0.25,19,361,4,5,targets_5_hipc_h8_bernoulli_025,C:\Users\lottj\Desktop\research\decentralized benchmark\commitment-horizon-study\scenarios\known_visit_g19_t5_n25.csv,3,11,9,22.743412721338757,22.743412721338757,02,02,1,0,True,completed
7,known_visit,HIPC,bernoulli,drop_0.25,19,361,4,5,targets_5_hipc_h8_bernoulli_025,C:\Users\lottj\Desktop\research\decentralized benchmark\commitment-horizon-study\scenarios\known_visit_g19_t5_n25.csv,4,18,10,47.261813769961066,47.261813769961066,02,02,1,0,True,completed
7,known_visit,HIPC,bernoulli,drop_0.25,19,361,4,5,targets_5_hipc_h8_bernoulli_025,C:\Users\lottj\Desktop\research\decentralized benchmark\commitment-horizon-study\scenarios\known_visit_g19_t5_n25.csv,5,18,11,48.999820743298244,48.999820743298244,02,02,1,0,True,completed
8,known_visit,HIPC,bernoulli,drop_0.25,19,361,4,5,targets_5_hipc_h8_bernoulli_025,C:\Users\lottj\Desktop\research\decentralized benchmark\commitment-horizon-study\scenarios\known_visit_g19_t5_n25.csv,1,1,9,5.653631239086168,5.653631239086168,01,01,1,0,True,completed
8,known_visit,HIPC,bernoulli,drop_0.25,19,361,4,5,targets_5_hipc_h8_bernoulli_025,C:\Users\lottj\Desktop\research\decentralized benchmark\commitment-horizon-study\scenarios\known_visit_g19_t5_n25.csv,2,5,12,6.9375093724809815,6.9375093724809815,02,02,1,0,True,completed
8,known_visit,HIPC,bernoulli,drop_0.25,19,361,4,5,targets_5_hipc_h8_bernoulli_025,C:\Users\lottj\Desktop\research\decentralized benchmark\commitment-horizon-study\scenarios\known_visit_g19_t5_n25.csv,3,12,11,20.780319784580605,20.780319784580605,02,02,1,0,True,completed
8,known_visit,HIPC,bernoulli,drop_0.25,19,361,4,5,targets_5_hipc_h8_bernoulli_025,C:\Users\lottj\Desktop\research\decentralized benchmark\commitment-horizon-study\scenarios\known_visit_g19_t5_n25.csv,4,12,3,34.61825816247205,34.61825816247205,02,02,1,0,True,completed
8,known_visit,HIPC,bernoulli,drop_0.25,19,361,4,5,targets_5_hipc_h8_bernoulli_025,C:\Users\lottj\Desktop\research\decentralized benchmark\commitment-horizon-study\scenarios\known_visit_g19_t5_n25.csv,5,8,6,46.84743279504243,46.84743279504243,02,02,1,0,True,completed
9,known_visit,HIPC,bernoulli,drop_0.25,19,361,4,5,targets_5_hipc_h8_bernoulli_025,C:\Users\lottj\Desktop\research\decentralized benchmark\commitment-horizon-study\scenarios\known_visit_g19_t5_n25.csv,1,11,11,29.917909189357623,29.917909189357623,03,03,1,0,True,completed
9,known_visit,HIPC,bernoulli,drop_0.25,19,361,4,5,targets_5_hipc_h8_bernoulli_025,C:\Users\lottj\Desktop\research\decentralized benchmark\commitment-horizon-study\scenarios\known_visit_g19_t5_n25.csv,2,5,17,8.937838666765076,8.937838666765076,03,03,1,0,True,completed
9,known_visit,HIPC,bernoulli,drop_0.25,19,361,4,5,targets_5_hipc_h8_bernoulli_025,C:\Users\lottj\Desktop\research\decentralized benchmark\commitment-horizon-study\scenarios\known_visit_g19_t5_n25.csv,3,9,14,21.225425730086993,21.225425730086993,03,03,1,0,True,completed
9,known_visit,HIPC,bernoulli,drop_0.25,19,361,4,5,targets_5_hipc_h8_bernoulli_025,C:\Users\lottj\Desktop\research\decentralized benchmark\commitment-horizon-study\scenarios\known_visit_g19_t5_n25.csv,4,0,2,2.0155748108527196,2.0155748108527196,00,00,1,0,True,completed
9,known_visit,HIPC,bernoulli,drop_0.25,19,361,4,5,targets_5_hipc_h8_bernoulli_025,C:\Users\lottj\Desktop\research\decentralized benchmark\commitment-horizon-study\scenarios\known_visit_g19_t5_n25.csv,5,15,0,56.15210563231746,56.15210563231746,03,03,1,0,True,completed
10,known_visit,HIPC,bernoulli,drop_0.25,19,361,4,5,targets_5_hipc_h8_bernoulli_025,C:\Users\lottj\Desktop\research\decentralized benchmark\commitment-horizon-study\scenarios\known_visit_g19_t5_n25.csv,1,4,6,5.3173166116442285,5.3173166116442285,01,01,1,0,True,completed
10,known_visit,HIPC,bernoulli,drop_0.25,19,361,4,5,targets_5_hipc_h8_bernoulli_025,C:\Users\lottj\Desktop\research\decentralized benchmark\commitment-horizon-study\scenarios\known_visit_g19_t5_n25.csv,2,17,7,51.655879099662656,51.655879099662656,01,01,1,0,True,completed
10,known_visit,HIPC,bernoulli,drop_0.25,19,361,4,5,targets_5_hipc_h8_bernoulli_025,C:\Users\lottj\Desktop\research\decentralized benchmark\commitment-horizon-study\scenarios\known_visit_g19_t5_n25.csv,3,6,4,12.535224913590795,12.535224913590795,01,01,1,0,True,completed
10,known_visit,HIPC,bernoulli,drop_0.25,19,361,4,5,targets_5_hipc_h8_bernoulli_025,C:\Users\lottj\Desktop\research\decentralized benchmark\commitment-horizon-study\scenarios\known_visit_g19_t5_n25.csv,4,2,9,7.282447940993578,7.282447940993578,02,02,1,0,True,completed
10,known_visit,HIPC,bernoulli,drop_0.25,19,361,4,5,targets_5_hipc_h8_bernoulli_025,C:\Users\lottj\Desktop\research\decentralized benchmark\commitment-horizon-study\scenarios\known_visit_g19_t5_n25.csv,5,5,2,17.88206569501353,17.88206569501353,01,01,1,0,True,completed
11,known_visit,HIPC,bernoulli,drop_0.25,19,361,4,5,targets_5_hipc_h8_bernoulli_025,C:\Users\lottj\Desktop\research\decentralized benchmark\commitment-horizon-study\scenarios\known_visit_g19_t5_n25.csv,1,2,12,1.9767941268960671,1.9767941268960671,02,02,2,1,True,completed
11,known_visit,HIPC,bernoulli,drop_0.25,19,361,4,5,targets_5_hipc_h8_bernoulli_025,C:\Users\lottj\Desktop\research\decentralized benchmark\commitment-horizon-study\scenarios\known_visit_g19_t5_n25.csv,2,0,8,2.1212393637610205,2.1212393637610205,01,01,1,0,True,completed
11,known_visit,HIPC,bernoulli,drop_0.25,19,361,4,5,targets_5_hipc_h8_bernoulli_025,C:\Users\lottj\Desktop\research\decentralized benchmark\commitment-horizon-study\scenarios\known_visit_g19_t5_n25.csv,3,5,10,10.87598871484358,10.87598871484358,02,02,1,0,True,completed
11,known_visit,HIPC,bernoulli,drop_0.25,19,361,4,5,targets_5_hipc_h8_bernoulli_025,C:\Users\lottj\Desktop\research\decentralized benchmark\commitment-horizon-study\scenarios\known_visit_g19_t5_n25.csv,4,2,1,3.7972326840257726,3.7972326840257726,00,00,1,0,True,completed
11,known_visit,HIPC,bernoulli,drop_0.25,19,361,4,5,targets_5_hipc_h8_bernoulli_025,C:\Users\lottj\Desktop\research\decentralized benchmark\commitment-horizon-study\scenarios\known_visit_g19_t5_n25.csv,5,18,8,33.1838390953954,33.1838390953954,01,01,1,0,True,completed
12,known_visit,HIPC,bernoulli,drop_0.25,19,361,4,5,targets_5_hipc_h8_bernoulli_025,C:\Users\lottj\Desktop\research\decentralized benchmark\commitment-horizon-study\scenarios\known_visit_g19_t5_n25.csv,1,16,3,31.860961940990276,31.860961940990276,00,00,1,0,True,completed
12,known_visit,HIPC,bernoulli,drop_0.25,19,361,4,5,targets_5_hipc_h8_bernoulli_025,C:\Users\lottj\Desktop\research\decentralized benchmark\commitment-horizon-study\scenarios\known_visit_g19_t5_n25.csv,2,2,14,5.621346363468879,5.621346363468879,02,02,1,0,True,completed
12,known_visit,HIPC,bernoulli,drop_0.25,19,361,4,5,targets_5_hipc_h8_bernoulli_025,C:\Users\lottj\Desktop\research\decentralized benchmark\commitment-horizon-study\scenarios\known_visit_g19_t5_n25.csv,3,18,11,49.5911275305319,49.5911275305319,00,00,1,0,True,completed
12,known_visit,HIPC,bernoulli,drop_0.25,19,361,4,5,targets_5_hipc_h8_bernoulli_025,C:\Users\lottj\Desktop\research\decentralized benchmark\commitment-horizon-study\scenarios\known_visit_g19_t5_n25.csv,4,0,2,2.3113790294353262,2.3113790294353262,00,00,1,0,True,completed
12,known_visit,HIPC,bernoulli,drop_0.25,19,361,4,5,targets_5_hipc_h8_bernoulli_025,C:\Users\lottj\Desktop\research\decentralized benchmark\commitment-horizon-study\scenarios\known_visit_g19_t5_n25.csv,5,3,2,7.813894845430932,7.813894845430932,00,00,1,0,True,completed
13,known_visit,HIPC,bernoulli,drop_0.25,19,361,4,5,targets_5_hipc_h8_bernoulli_025,C:\Users\lottj\Desktop\research\decentralized benchmark\commitment-horizon-study\scenarios\known_visit_g19_t5_n25.csv,1,0,8,2.301014604638627,2.301014604638627,01,01,2,1,True,completed
13,known_visit,HIPC,bernoulli,drop_0.25,19,361,4,5,targets_5_hipc_h8_bernoulli_025,C:\Users\lottj\Desktop\research\decentralized benchmark\commitment-horizon-study\scenarios\known_visit_g19_t5_n25.csv,2,16,15,45.88381255450609,45.88381255450609,01,01,1,0,True,completed
13,known_visit,HIPC,bernoulli,drop_0.25,19,361,4,5,targets_5_hipc_h8_bernoulli_025,C:\Users\lottj\Desktop\research\decentralized benchmark\commitment-horizon-study\scenarios\known_visit_g19_t5_n25.csv,3,6,9,14.597549964483788,14.597549964483788,01,01,1,0,True,completed
13,known_visit,HIPC,bernoulli,drop_0.25,19,361,4,5,targets_5_hipc_h8_bernoulli_025,C:\Users\lottj\Desktop\research\decentralized benchmark\commitment-horizon-study\scenarios\known_visit_g19_t5_n25.csv,4,3,2,7.689489318090117,7.689489318090117,00,00,1,0,True,completed
13,known_visit,HIPC,bernoulli,drop_0.25,19,361,4,5,targets_5_hipc_h8_bernoulli_025,C:\Users\lottj\Desktop\research\decentralized benchmark\commitment-horizon-study\scenarios\known_visit_g19_t5_n25.csv,5,8,8,20.132841012105178,20.132841012105178,01,01,1,0,True,completed
14,known_visit,HIPC,bernoulli,drop_0.25,19,361,4,5,targets_5_hipc_h8_bernoulli_025,C:\Users\lottj\Desktop\research\decentralized benchmark\commitment-horizon-study\scenarios\known_visit_g19_t5_n25.csv,1,13,10,34.81701965263986,34.81701965263986,03,03,1,0,True,completed
14,known_visit,HIPC,bernoulli,drop_0.25,19,361,4,5,targets_5_hipc_h8_bernoulli_025,C:\Users\lottj\Desktop\research\decentralized benchmark\commitment-horizon-study\scenarios\known_visit_g19_t5_n25.csv,2,10,18,15.376379500919066,15.376379500919066,03,03,1,0,True,completed
14,known_visit,HIPC,bernoulli,drop_0.25,19,361,4,5,targets_5_hipc_h8_bernoulli_025,C:\Users\lottj\Desktop\research\decentralized benchmark\commitment-horizon-study\scenarios\known_visit_g19_t5_n25.csv,3,17,7,47.104523078543274,47.104523078543274,03,03,1,0,True,completed
14,known_visit,HIPC,bernoulli,drop_0.25,19,361,4,5,targets_5_hipc_h8_bernoulli_025,C:\Users\lottj\Desktop\research\decentralized benchmark\commitment-horizon-study\scenarios\known_visit_g19_t5_n25.csv,4,16,7,45.3938247554525,45.3938247554525,03,03,1,0,True,completed
14,known_visit,HIPC,bernoulli,drop_0.25,19,361,4,5,targets_5_hipc_h8_bernoulli_025,C:\Users\lottj\Desktop\research\decentralized benchmark\commitment-horizon-study\scenarios\known_visit_g19_t5_n25.csv,5,16,5,52.6601708406121,52.6601708406121,03,03,1,0,True,completed
15,known_visit,HIPC,bernoulli,drop_0.25,19,361,4,5,targets_5_hipc_h8_bernoulli_025,C:\Users\lottj\Desktop\research\decentralized benchmark\commitment-horizon-study\scenarios\known_visit_g19_t5_n25.csv,1,6,10,15.702996078369836,15.702996078369836,01,01,1,0,True,completed
15,known_visit,HIPC,bernoulli,drop_0.25,19,361,4,5,targets_5_hipc_h8_bernoulli_025,C:\Users\lottj\Desktop\research\decentralized benchmark\commitment-horizon-study\scenarios\known_visit_g19_t5_n25.csv,2,15,0,62.63610409931176,62.63610409931176,03,03,1,0,True,completed
15,known_visit,HIPC,bernoulli,drop_0.25,19,361,4,5,targets_5_hipc_h8_bernoulli_025,C:\Users\lottj\Desktop\research\decentralized benchmark\commitment-horizon-study\scenarios\known_visit_g19_t5_n25.csv,3,6,6,8.651002050593368,8.651002050593368,01,01,1,0,True,completed
15,known_visit,HIPC,bernoulli,drop_0.25,19,361,4,5,targets_5_hipc_h8_bernoulli_025,C:\Users\lottj\Desktop\research\decentralized benchmark\commitment-horizon-study\scenarios\known_visit_g19_t5_n25.csv,4,16,9,45.161059787443136,45.161059787443136,03,03,1,0,True,completed
15,known_visit,HIPC,bernoulli,drop_0.25,19,361,4,5,targets_5_hipc_h8_bernoulli_025,C:\Users\lottj\Desktop\research\decentralized benchmark\commitment-horizon-study\scenarios\known_visit_g19_t5_n25.csv,5,17,18,27.333978490287002,27.333978490287002,03,03,1,0,True,completed
16,known_visit,HIPC,bernoulli,drop_0.25,19,361,4,5,targets_5_hipc_h8_bernoulli_025,C:\Users\lottj\Desktop\research\decentralized benchmark\commitment-horizon-study\scenarios\known_visit_g19_t5_n25.csv,1,11,14,42.087816882971985,42.087816882971985,00,00,1,0,True,completed
16,known_visit,HIPC,bernoulli,drop_0.25,19,361,4,5,targets_5_hipc_h8_bernoulli_025,C:\Users\lottj\Desktop\research\decentralized benchmark\commitment-horizon-study\scenarios\known_visit_g19_t5_n25.csv,2,11,7,30.008826207592225,30.008826207592225,00,00,1,0,True,completed
16,known_visit,HIPC,bernoulli,drop_0.25,19,361,4,5,targets_5_hipc_h8_bernoulli_025,C:\Users\lottj\Desktop\research\decentralized benchmark\commitment-horizon-study\scenarios\known_visit_g19_t5_n25.csv,3,15,13,57.75876819763906,57.75876819763906,00,00,1,0,True,completed
16,known_visit,HIPC,bernoulli,drop_0.25,19,361,4,5,targets_5_hipc_h8_bernoulli_025,C:\Users\lottj\Desktop\research\decentralized benchmark\commitment-horizon-study\scenarios\known_visit_g19_t5_n25.csv,4,14,16,50.76885022152179,50.76885022152179,00,00,1,0,True,completed
16,known_visit,HIPC,bernoulli,drop_0.25,19,361,4,5,targets_5_hipc_h8_bernoulli_025,C:\Users\lottj\Desktop\research\decentralized benchmark\commitment-horizon-study\scenarios\known_visit_g19_t5_n25.csv,5,5,3,12.489766384139793,12.489766384139793,00,00,1,0,True,completed
17,known_visit,HIPC,bernoulli,drop_0.25,19,361,4,5,targets_5_hipc_h8_bernoulli_025,C:\Users\lottj\Desktop\research\decentralized benchmark\commitment-horizon-study\scenarios\known_visit_g19_t5_n25.csv,1,15,11,37.81077141254648,37.81077141254648,02,02,1,0,True,completed
17,known_visit,HIPC,bernoulli,drop_0.25,19,361,4,5,targets_5_hipc_h8_bernoulli_025,C:\Users\lottj\Desktop\research\decentralized benchmark\commitment-horizon-study\scenarios\known_visit_g19_t5_n25.csv,2,17,14,46.350538986867356,46.350538986867356,02,02,1,0,True,completed
17,known_visit,HIPC,bernoulli,drop_0.25,19,361,4,5,targets_5_hipc_h8_bernoulli_025,C:\Users\lottj\Desktop\research\decentralized benchmark\commitment-horizon-study\scenarios\known_visit_g19_t5_n25.csv,3,6,15,19.411515008857144,19.411515008857144,03,03,1,0,True,completed
17,known_visit,HIPC,bernoulli,drop_0.25,19,361,4,5,targets_5_hipc_h8_bernoulli_025,C:\Users\lottj\Desktop\research\decentralized benchmark\commitment-horizon-study\scenarios\known_visit_g19_t5_n25.csv,4,7,10,21.640454118714672,21.640454118714672,02,02,1,0,True,completed
17,known_visit,HIPC,bernoulli,drop_0.25,19,361,4,5,targets_5_hipc_h8_bernoulli_025,C:\Users\lottj\Desktop\research\decentralized benchmark\commitment-horizon-study\scenarios\known_visit_g19_t5_n25.csv,5,7,2,13.857830762786515,13.857830762786515,00,00,1,0,True,completed
18,known_visit,HIPC,bernoulli,drop_0.25,19,361,4,5,targets_5_hipc_h8_bernoulli_025,C:\Users\lottj\Desktop\research\decentralized benchmark\commitment-horizon-study\scenarios\known_visit_g19_t5_n25.csv,1,3,2,7.43754001545986,7.43754001545986,00,00,1,0,True,completed
18,known_visit,HIPC,bernoulli,drop_0.25,19,361,4,5,targets_5_hipc_h8_bernoulli_025,C:\Users\lottj\Desktop\research\decentralized benchmark\commitment-horizon-study\scenarios\known_visit_g19_t5_n25.csv,2,16,9,41.88075191156739,41.88075191156739,00,00,1,0,True,completed
18,known_visit,HIPC,bernoulli,drop_0.25,19,361,4,5,targets_5_hipc_h8_bernoulli_025,C:\Users\lottj\Desktop\research\decentralized benchmark\commitment-horizon-study\scenarios\known_visit_g19_t5_n25.csv,3,5,2,11.198390601362595,11.198390601362595,00,00,1,0,True,completed
18,known_visit,HIPC,bernoulli,drop_0.25,19,361,4,5,targets_5_hipc_h8_bernoulli_025,C:\Users\lottj\Desktop\research\decentralized benchmark\commitment-horizon-study\scenarios\known_visit_g19_t5_n25.csv,4,2,16,5.516861977069315,5.516861977069315,03,03,1,0,True,completed
18,known_visit,HIPC,bernoulli,drop_0.25,19,361,4,5,targets_5_hipc_h8_bernoulli_025,C:\Users\lottj\Desktop\research\decentralized benchmark\commitment-horizon-study\scenarios\known_visit_g19_t5_n25.csv,5,8,2,16.11656254114582,16.11656254114582,00,00,1,0,True,completed
19,known_visit,HIPC,bernoulli,drop_0.25,19,361,4,5,targets_5_hipc_h8_bernoulli_025,C:\Users\lottj\Desktop\research\decentralized benchmark\commitment-horizon-study\scenarios\known_visit_g19_t5_n25.csv,1,4,16,9.073263802576605,9.073263802576605,03,03,1,0,True,completed
19,known_visit,HIPC,bernoulli,drop_0.25,19,361,4,5,targets_5_hipc_h8_bernoulli_025,C:\Users\lottj\Desktop\research\decentralized benchmark\commitment-horizon-study\scenarios\known_visit_g19_t5_n25.csv,2,16,18,33.554860860978906,33.554860860978906,03,03,1,0,True,completed
19,known_visit,HIPC,bernoulli,drop_0.25,19,361,4,5,targets_5_hipc_h8_bernoulli_025,C:\Users\lottj\Desktop\research\decentralized benchmark\commitment-horizon-study\scenarios\known_visit_g19_t5_n25.csv,3,1,11,2.32309466352146,2.32309466352146,02,02,1,0,True,completed
19,known_visit,HIPC,bernoulli,drop_0.25,19,361,4,5,targets_5_hipc_h8_bernoulli_025,C:\Users\lottj\Desktop\research\decentralized benchmark\commitment-horizon-study\scenarios\known_visit_g19_t5_n25.csv,4,13,10,55.90937488377543,55.90937488377543,03,03,1,0,True,completed
19,known_visit,HIPC,bernoulli,drop_0.25,19,361,4,5,targets_5_hipc_h8_bernoulli_025,C:\Users\lottj\Desktop\research\decentralized benchmark\commitment-horizon-study\scenarios\known_visit_g19_t5_n25.csv,5,3,0,3.571889196515429,3.571889196515429,00,00,1,0,True,completed
20,known_visit,HIPC,bernoulli,drop_0.25,19,361,4,5,targets_5_hipc_h8_bernoulli_025,C:\Users\lottj\Desktop\research\decentralized benchmark\commitment-horizon-study\scenarios\known_visit_g19_t5_n25.csv,1,12,12,29.780502241398978,29.780502241398978,03,03,1,0,True,completed
20,known_visit,HIPC,bernoulli,drop_0.25,19,361,4,5,targets_5_hipc_h8_bernoulli_025,C:\Users\lottj\Desktop\research\decentralized benchmark\commitment-horizon-study\scenarios\known_visit_g19_t5_n25.csv,2,7,6,10.316454617214072,10.316454617214072,01,01,1,0,True,completed
20,known_visit,HIPC,bernoulli,drop_0.25,19,361,4,5,targets_5_hipc_h8_bernoulli_025,C:\Users\lottj\Desktop\research\decentralized benchmark\commitment-horizon-study\scenarios\known_visit_g19_t5_n25.csv,3,6,17,10.72568251641316,10.72568251641316,03,03,1,0,True,completed
20,known_visit,HIPC,bernoulli,drop_0.25,19,361,4,5,targets_5_hipc_h8_bernoulli_025,C:\Users\lottj\Desktop\research\decentralized benchmark\commitment-horizon-study\scenarios\known_visit_g19_t5_n25.csv,4,9,14,21.10145009128406,21.10145009128406,03,03,1,0,True,completed
20,known_visit,HIPC,bernoulli,drop_0.25,19,361,4,5,targets_5_hipc_h8_bernoulli_025,C:\Users\lottj\Desktop\research\decentralized benchmark\commitment-horizon-study\scenarios\known_visit_g19_t5_n25.csv,5,17,12,38.389983454734995,38.389983454734995,03,03,1,0,True,completed
21,known_visit,HIPC,bernoulli,drop_0.25,19,361,4,5,targets_5_hipc_h8_bernoulli_025,C:\Users\lottj\Desktop\research\decentralized benchmark\commitment-horizon-study\scenarios\known_visit_g19_t5_n25.csv,1,6,18,23.1885846736463,23.1885846736463,03,03,1,0,True,completed
21,known_visit,HIPC,bernoulli,drop_0.25,19,361,4,5,targets_5_hipc_h8_bernoulli_025,C:\Users\lottj\Desktop\research\decentralized benchmark\commitment-horizon-study\scenarios\known_visit_g19_t5_n25.csv,2,8,12,12.546358046321023,12.546358046321023,02,02,1,0,True,completed
21,known_visit,HIPC,bernoulli,drop_0.25,19,361,4,5,targets_5_hipc_h8_bernoulli_025,C:\Users\lottj\Desktop\research\decentralized benchmark\commitment-horizon-study\scenarios\known_visit_g19_t5_n25.csv,3,14,14,26.440571075115674,26.440571075115674,02,02,1,0,True,completed
21,known_visit,HIPC,bernoulli,drop_0.25,19,361,4,5,targets_5_hipc_h8_bernoulli_025,C:\Users\lottj\Desktop\research\decentralized benchmark\commitment-horizon-study\scenarios\known_visit_g19_t5_n25.csv,4,3,16,7.233332754478189,7.233332754478189,03,03,1,0,True,completed
21,known_visit,HIPC,bernoulli,drop_0.25,19,361,4,5,targets_5_hipc_h8_bernoulli_025,C:\Users\lottj\Desktop\research\decentralized benchmark\commitment-horizon-study\scenarios\known_visit_g19_t5_n25.csv,5,5,14,14.16210854459202,14.16210854459202,03,03,1,0,True,completed
22,known_visit,HIPC,bernoulli,drop_0.25,19,361,4,5,targets_5_hipc_h8_bernoulli_025,C:\Users\lottj\Desktop\research\decentralized benchmark\commitment-horizon-study\scenarios\known_visit_g19_t5_n25.csv,1,18,8,43.214993904542524,43.214993904542524,02,02,1,0,True,completed
22,known_visit,HIPC,bernoulli,drop_0.25,19,361,4,5,targets_5_hipc_h8_bernoulli_025,C:\Users\lottj\Desktop\research\decentralized benchmark\commitment-horizon-study\scenarios\known_visit_g19_t5_n25.csv,2,17,6,48.59161275516154,48.59161275516154,02,02,1,0,True,completed
22,known_visit,HIPC,bernoulli,drop_0.25,19,361,4,5,targets_5_hipc_h8_bernoulli_025,C:\Users\lottj\Desktop\research\decentralized benchmark\commitment-horizon-study\scenarios\known_visit_g19_t5_n25.csv,3,18,13,34.85008273921176,34.85008273921176,02,02,1,0,True,completed
22,known_visit,HIPC,bernoulli,drop_0.25,19,361,4,5,targets_5_hipc_h8_bernoulli_025,C:\Users\lottj\Desktop\research\decentralized benchmark\commitment-horizon-study\scenarios\known_visit_g19_t5_n25.csv,4,13,10,62.61298209079732,62.61298209079732,02,02,1,0,True,completed
22,known_visit,HIPC,bernoulli,drop_0.25,19,361,4,5,targets_5_hipc_h8_bernoulli_025,C:\Users\lottj\Desktop\research\decentralized benchmark\commitment-horizon-study\scenarios\known_visit_g19_t5_n25.csv,5,4,14,9.189169832128462,9.189169832128462,02,02,1,0,True,completed
23,known_visit,HIPC,bernoulli,drop_0.25,19,361,4,5,targets_5_hipc_h8_bernoulli_025,C:\Users\lottj\Desktop\research\decentralized benchmark\commitment-horizon-study\scenarios\known_visit_g19_t5_n25.csv,1,2,16,5.485095837580616,5.485095837580616,03,03,1,0,True,completed
23,known_visit,HIPC,bernoulli,drop_0.25,19,361,4,5,targets_5_hipc_h8_bernoulli_025,C:\Users\lottj\Desktop\research\decentralized benchmark\commitment-horizon-study\scenarios\known_visit_g19_t5_n25.csv,2,12,8,40.67653995011606,40.67653995011606,00,00,1,0,True,completed
23,known_visit,HIPC,bernoulli,drop_0.25,19,361,4,5,targets_5_hipc_h8_bernoulli_025,C:\Users\lottj\Desktop\research\decentralized benchmark\commitment-horizon-study\scenarios\known_visit_g19_t5_n25.csv,3,8,3,24.968415917742405,24.968415917742405,00,00,1,0,True,completed
23,known_visit,HIPC,bernoulli,drop_0.25,19,361,4,5,targets_5_hipc_h8_bernoulli_025,C:\Users\lottj\Desktop\research\decentralized benchmark\commitment-horizon-study\scenarios\known_visit_g19_t5_n25.csv,4,8,0,19.423202724040927,19.423202724040927,00,00,1,0,True,completed
23,known_visit,HIPC,bernoulli,drop_0.25,19,361,4,5,targets_5_hipc_h8_bernoulli_025,C:\Users\lottj\Desktop\research\decentralized benchmark\commitment-horizon-study\scenarios\known_visit_g19_t5_n25.csv,5,11,15,54.92036651464764,54.92036651464764,00,00,1,0,True,completed
24,known_visit,HIPC,bernoulli,drop_0.25,19,361,4,5,targets_5_hipc_h8_bernoulli_025,C:\Users\lottj\Desktop\research\decentralized benchmark\commitment-horizon-study\scenarios\known_visit_g19_t5_n25.csv,1,14,12,36.584531334316445,36.584531334316445,03,03,1,0,True,completed
24,known_visit,HIPC,bernoulli,drop_0.25,19,361,4,5,targets_5_hipc_h8_bernoulli_025,C:\Users\lottj\Desktop\research\decentralized benchmark\commitment-horizon-study\scenarios\known_visit_g19_t5_n25.csv,2,7,11,22.73833719097476,22.73833719097476,03,03,1,0,True,completed
24,known_visit,HIPC,bernoulli,drop_0.25,19,361,4,5,targets_5_hipc_h8_bernoulli_025,C:\Users\lottj\Desktop\research\decentralized benchmark\commitment-horizon-study\scenarios\known_visit_g19_t5_n25.csv,3,12,1,20.814683757250183,20.814683757250183,00,00,1,0,True,completed
24,known_visit,HIPC,bernoulli,drop_0.25,19,361,4,5,targets_5_hipc_h8_bernoulli_025,C:\Users\lottj\Desktop\research\decentralized benchmark\commitment-horizon-study\scenarios\known_visit_g19_t5_n25.csv,4,6,17,10.72134852367862,10.72134852367862,03,03,1,0,True,completed
24,known_visit,HIPC,bernoulli,drop_0.25,19,361,4,5,targets_5_hipc_h8_bernoulli_025,C:\Users\lottj\Desktop\research\decentralized benchmark\commitment-horizon-study\scenarios\known_visit_g19_t5_n25.csv,5,17,12,41.820984815419614,41.820984815419614,03,03,1,0,True,completed
