transfer_row_id,target_count,algorithm,comm_label,effort_selected_horizon,makespan_selected_horizon,metric,metric_display,paired_n,effort_selected_mean,makespan_selected_mean,mean_paired_difference_effort_minus_makespan,median_paired_difference_effort_minus_makespan,percent_change_effort_vs_makespan,makespan_penalty_pct,paired_bootstrap_difference_ci95_lower,paired_bootstrap_difference_ci95_upper,paired_bootstrap_percent_change_ci95_lower,paired_bootstrap_percent_change_ci95_upper,wilcoxon_raw_p_value,holm_p_value,rank_biserial_effort_minus_makespan,scope,explanatory_association,interpretation_scope
17,5,ACBBA,bernoulli_025,5,1,active_robot_count,Active robots completing at least one target,25,3.08,2.92,0.16,0,5.47945205479452,NaN,-0.16,0.52,-5.55751173708919,18.8405797101449,0.3809814453125,0.3809814453125,0.257142857142857,pilot/exploratory paired effort-selected minus makespan-selected contrast,higher active-robot count under the effort-selected horizon,"exploratory association; selected horizons and outcomes use the same paired pilot scenarios, not causal proof"
20,5,ACBBA,bernoulli_025,5,1,allocation_messages,Allocation messages,25,116.16,65.56,50.6,48,77.1812080536913,NaN,41.36,59.96,62.7705627705628,92.0547362450369,1.36999531394729e-05,3.6670868527757e-05,0.993846153846154,pilot/exploratory paired effort-selected minus makespan-selected contrast,higher communication traffic under the effort-selected horizon,"exploratory association; selected horizons and outcomes use the same paired pilot scenarios, not causal proof"
22,5,ACBBA,bernoulli_025,5,1,allocator_time_ms,Allocator computation time (ms),25,31.387408,11.659012,19.728396,17.4304,169.211559264198,NaN,14.4956942,25.3457887,108.413385740373,250.253296988889,1.77348399029039e-05,3.68709666307453e-05,0.981538461538462,pilot/exploratory paired effort-selected minus makespan-selected contrast,higher allocator computation time under the effort-selected horizon,"exploratory association; selected horizons and outcomes use the same paired pilot scenarios, not causal proof"
19,5,ACBBA,bernoulli_025,5,1,max_individual_steps,Maximum individual movement workload (steps),25,24.6,21,3.6,2,17.1428571428571,NaN,1.08,6.28,5.00926814049739,30.8300796126001,0.0107719289959123,0.0107719289959123,0.663157894736842,pilot/exploratory paired effort-selected minus makespan-selected contrast,higher maximum individual workload under the effort-selected horizon,"exploratory association; selected horizons and outcomes use the same paired pilot scenarios, not causal proof"
13,5,ACBBA,bernoulli_025,5,1,max_robot_steps,Makespan (maximum robot steps),25,24.6,21,3.6,2,17.1428571428571,17.1428571428571,1,6.32,4.71653780678111,31.1156858353178,0.0107719289959123,0.0107719289959123,0.663157894736842,pilot/exploratory paired effort-selected minus makespan-selected contrast,higher makespan under the effort-selected horizon,"exploratory association; selected horizons and outcomes use the same paired pilot scenarios, not causal proof"
18,5,ACBBA,bernoulli_025,5,1,max_target_workload,Maximum target workload on one robot,25,2.64,2.56,0.08,0,3.125,NaN,-0.28,0.44,-10.2941176470588,18.9655172413793,0.673578401984493,0.673578401984493,0.110294117647059,pilot/exploratory paired effort-selected minus makespan-selected contrast,higher maximum individual workload under the effort-selected horizon,"exploratory association; selected horizons and outcomes use the same paired pilot scenarios, not causal proof"
16,5,ACBBA,bernoulli_025,5,1,movement_workload_gini,Movement-workload Gini,25,0.217789378486266,0.118629633287878,0.0991597451983884,0.0739822100581593,83.5876689914048,NaN,0.0542873400428981,0.143166488490502,42.5332778368405,138.10988436439,0.000890537644222049,0.000890537644222049,0.76,pilot/exploratory paired effort-selected minus makespan-selected contrast,higher workload imbalance under the effort-selected horizon,"exploratory association; selected horizons and outcomes use the same paired pilot scenarios, not causal proof"
15,5,ACBBA,bernoulli_025,5,1,target_workload_gini,Target-workload Gini,25,0.382,0.398,-0.016,0,-4.02010050251257,NaN,-0.1,0.064,-23.2813723396683,18.2744017403916,0.671341666786528,0.671341666786528,-0.110526315789474,pilot/exploratory paired effort-selected minus makespan-selected contrast,lower workload imbalance under the effort-selected horizon,"exploratory association; selected horizons and outcomes use the same paired pilot scenarios, not causal proof"
21,5,ACBBA,bernoulli_025,5,1,total_messages,Total messages,25,254.84,212.56,42.28,50,19.8908543470079,NaN,26.12,57.84,12.2551153967228,27.3850832607528,0.00025253907099152,0.000505078141983041,0.836923076923077,pilot/exploratory paired effort-selected minus makespan-selected contrast,higher communication traffic under the effort-selected horizon,"exploratory association; selected horizons and outcomes use the same paired pilot scenarios, not causal proof"
12,5,ACBBA,bernoulli_025,5,1,total_team_steps,Total team steps,25,64.88,69.84,-4.96,0,-7.10194730813288,NaN,-10.68,0.360999999999985,-14.9784924392312,0.560277336737136,0.157107183245322,0.157107183245322,-0.33695652173913,pilot/exploratory paired effort-selected minus makespan-selected contrast,lower total team movement under the effort-selected horizon,"exploratory association; selected horizons and outcomes use the same paired pilot scenarios, not causal proof"
6,5,ACBBA,ideal,5,1,active_robot_count,Active robots completing at least one target,25,2.44,3,-0.56,-1,-18.6666666666667,NaN,-0.88,-0.24,-28.9473684210526,-8.33047945205483,0.00482177734375,0.00537109375,-0.783333333333333,pilot/exploratory paired effort-selected minus makespan-selected contrast,lower active-robot count under the effort-selected horizon,"exploratory association; selected horizons and outcomes use the same paired pilot scenarios, not causal proof"
9,5,ACBBA,ideal,5,1,allocation_messages,Allocation messages,25,95.48,71.8,23.68,19,32.9805013927577,NaN,8.36,40.12,11.3023477535789,57.8102119083325,0.0143132232127623,0.0286264464255246,0.56,pilot/exploratory paired effort-selected minus makespan-selected contrast,higher communication traffic under the effort-selected horizon,"exploratory association; selected horizons and outcomes use the same paired pilot scenarios, not causal proof"
11,5,ACBBA,ideal,5,1,allocator_time_ms,Allocator computation time (ms),25,51.802596,21.197772,30.604824,31.083,144.377550621829,NaN,22.799353,38.2959553,96.7037191636393,202.136038785047,2.25681906280537e-05,3.68709666307453e-05,0.969230769230769,pilot/exploratory paired effort-selected minus makespan-selected contrast,higher allocator computation time under the effort-selected horizon,"exploratory association; selected horizons and outcomes use the same paired pilot scenarios, not causal proof"
8,5,ACBBA,ideal,5,1,max_individual_steps,Maximum individual movement workload (steps),25,27.08,20,7.08,6,35.4,NaN,5.08,9.12,25.2031310491676,46.2154669523068,4.73367264243447e-05,0.000142010179273034,0.967391304347826,pilot/exploratory paired effort-selected minus makespan-selected contrast,higher maximum individual workload under the effort-selected horizon,"exploratory association; selected horizons and outcomes use the same paired pilot scenarios, not causal proof"
2,5,ACBBA,ideal,5,1,max_robot_steps,Makespan (maximum robot steps),25,27.08,20,7.08,6,35.4,35.4,5.08,9.12,25.1982600732601,46.1389946686976,4.73367264243447e-05,0.000142010179273034,0.967391304347826,pilot/exploratory paired effort-selected minus makespan-selected contrast,higher makespan under the effort-selected horizon,"exploratory association; selected horizons and outcomes use the same paired pilot scenarios, not causal proof"
7,5,ACBBA,ideal,5,1,max_target_workload,Maximum target workload on one robot,25,3.32,2.44,0.88,1,36.0655737704918,NaN,0.48,1.32,19.3548387096774,55.3571428571428,0.000856858204342573,0.00171371640868515,0.911764705882353,pilot/exploratory paired effort-selected minus makespan-selected contrast,higher maximum individual workload under the effort-selected horizon,"exploratory association; selected horizons and outcomes use the same paired pilot scenarios, not causal proof"
5,5,ACBBA,ideal,5,1,movement_workload_gini,Movement-workload Gini,25,0.42135085428973,0.143219549997225,0.278131304292505,0.265222984562607,194.199258619298,NaN,0.213686563584991,0.344429128442569,130.789368799462,284.532659983042,1.77348399029039e-05,3.68709666307453e-05,0.981538461538462,pilot/exploratory paired effort-selected minus makespan-selected contrast,higher workload imbalance under the effort-selected horizon,"exploratory association; selected horizons and outcomes use the same paired pilot scenarios, not causal proof"
4,5,ACBBA,ideal,5,1,target_workload_gini,Target-workload Gini,25,0.51,0.378,0.132,0.1,34.9206349206349,NaN,0.0679999999999999,0.196,17.0583515133278,55.0898203592814,0.00359499947615255,0.00359499947615255,0.777777777777778,pilot/exploratory paired effort-selected minus makespan-selected contrast,higher workload imbalance under the effort-selected horizon,"exploratory association; selected horizons and outcomes use the same paired pilot scenarios, not causal proof"
10,5,ACBBA,ideal,5,1,total_messages,Total messages,25,190.68,197.16,-6.48,-11,-3.28667072428483,NaN,-31.801,19.64,-15.6701489725056,10.2600200511193,0.381816745365971,0.381816745365971,-0.2,pilot/exploratory paired effort-selected minus makespan-selected contrast,lower communication traffic under the effort-selected horizon,"exploratory association; selected horizons and outcomes use the same paired pilot scenarios, not causal proof"
1,5,ACBBA,ideal,5,1,total_team_steps,Total team steps,25,43.76,58.84,-15.08,-11,-25.6288239292998,NaN,-20.88,-9.88,-33.5968640859945,-17.4432590478217,8.48129108584761e-05,8.48129108584761e-05,-0.916666666666667,pilot/exploratory paired effort-selected minus makespan-selected contrast,lower total team movement under the effort-selected horizon,"exploratory association; selected horizons and outcomes use the same paired pilot scenarios, not causal proof"
39,5,HIPC,bernoulli_025,5,1,active_robot_count,Active robots completing at least one target,25,1.96,3.08,-1.12,-1,-36.3636363636364,NaN,-1.44,-0.8,-45.2054794520548,-27.3941469489415,8.33707660426399e-05,0.00025011229812792,-1,pilot/exploratory paired effort-selected minus makespan-selected contrast,lower active-robot count under the effort-selected horizon,"exploratory association; selected horizons and outcomes use the same paired pilot scenarios, not causal proof"
42,5,HIPC,bernoulli_025,5,1,allocation_messages,Allocation messages,25,21.52,12.72,8.8,7,69.1823899371069,NaN,5.92,12.12,44.9403820072333,98.7056060131538,3.19569658490901e-05,3.6670868527757e-05,0.97,pilot/exploratory paired effort-selected minus makespan-selected contrast,higher communication traffic under the effort-selected horizon,"exploratory association; selected horizons and outcomes use the same paired pilot scenarios, not causal proof"
44,5,HIPC,bernoulli_025,5,1,allocator_time_ms,Allocator computation time (ms),25,73.06194,20.799752,52.262188,43.3041,251.263515064987,NaN,39.3315031,65.3685397,166.285238465588,365.134309880917,1.389801409379e-05,3.68709666307453e-05,0.993846153846154,pilot/exploratory paired effort-selected minus makespan-selected contrast,higher allocator computation time under the effort-selected horizon,"exploratory association; selected horizons and outcomes use the same paired pilot scenarios, not causal proof"
41,5,HIPC,bernoulli_025,5,1,max_individual_steps,Maximum individual movement workload (steps),25,27.4,20.56,6.84,6,33.2684824902724,NaN,4.56,9.32,22.1153846153846,45.5969471624266,0.000111573295848195,0.000334719887544585,0.961038961038961,pilot/exploratory paired effort-selected minus makespan-selected contrast,higher maximum individual workload under the effort-selected horizon,"exploratory association; selected horizons and outcomes use the same paired pilot scenarios, not causal proof"
35,5,HIPC,bernoulli_025,5,1,max_robot_steps,Makespan (maximum robot steps),25,27.4,20.56,6.84,6,33.2684824902724,33.2684824902724,4.52,9.24,21.8686455412015,45.0981392557023,0.000111573295848195,0.000334719887544585,0.961038961038961,pilot/exploratory paired effort-selected minus makespan-selected contrast,higher makespan under the effort-selected horizon,"exploratory association; selected horizons and outcomes use the same paired pilot scenarios, not causal proof"
40,5,HIPC,bernoulli_025,5,1,max_target_workload,Maximum target workload on one robot,25,3.84,2.52,1.32,1,52.3809523809524,NaN,0.96,1.68,36.3636363636364,71.1864406779661,3.53064006470272e-05,0.000105919201941082,1,pilot/exploratory paired effort-selected minus makespan-selected contrast,higher maximum individual workload under the effort-selected horizon,"exploratory association; selected horizons and outcomes use the same paired pilot scenarios, not causal proof"
38,5,HIPC,bernoulli_025,5,1,movement_workload_gini,Movement-workload Gini,25,0.535260388462849,0.159573567107554,0.375686821355295,0.412835249042146,235.43173732657,NaN,0.313326280866987,0.434858754301825,162.639236006065,345.253594573979,1.389801409379e-05,3.68709666307453e-05,0.993846153846154,pilot/exploratory paired effort-selected minus makespan-selected contrast,higher workload imbalance under the effort-selected horizon,"exploratory association; selected horizons and outcomes use the same paired pilot scenarios, not causal proof"
37,5,HIPC,bernoulli_025,5,1,target_workload_gini,Target-workload Gini,25,0.614,0.37,0.244,0.2,65.945945945946,NaN,0.18,0.308,43.4782608695653,95.5974842767296,5.4680201871727e-05,0.000164040605615181,1,pilot/exploratory paired effort-selected minus makespan-selected contrast,higher workload imbalance under the effort-selected horizon,"exploratory association; selected horizons and outcomes use the same paired pilot scenarios, not causal proof"
43,5,HIPC,bernoulli_025,5,1,total_messages,Total messages,25,102.88,140.96,-38.08,-38,-27.0147559591374,NaN,-50.241,-25.92,-33.905508910344,-19.3518109058388,8.01120306582111e-05,0.000240336091974633,-0.92,pilot/exploratory paired effort-selected minus makespan-selected contrast,lower communication traffic under the effort-selected horizon,"exploratory association; selected horizons and outcomes use the same paired pilot scenarios, not causal proof"
34,5,HIPC,bernoulli_025,5,1,total_team_steps,Total team steps,25,37.72,60.44,-22.72,-22,-37.5909993381866,NaN,-28.16,-17.24,-43.7616258217394,-30.6206595468646,2.10902575153037e-05,6.3270772545911e-05,-0.972307692307692,pilot/exploratory paired effort-selected minus makespan-selected contrast,lower total team movement under the effort-selected horizon,"exploratory association; selected horizons and outcomes use the same paired pilot scenarios, not causal proof"
28,5,HIPC,ideal,5,1,active_robot_count,Active robots completing at least one target,25,1.76,3.12,-1.36,-1,-43.5897435897436,NaN,-1.72,-1,-53.0864197530864,-32.8947368421053,6.5258016120741e-05,0.000195774048362223,-1,pilot/exploratory paired effort-selected minus makespan-selected contrast,lower active-robot count under the effort-selected horizon,"exploratory association; selected horizons and outcomes use the same paired pilot scenarios, not causal proof"
31,5,HIPC,ideal,5,1,allocation_messages,Allocation messages,25,18.08,15,3.08,5,20.5333333333333,NaN,-0.12,5.92,-0.672683528996828,46.579905719546,0.0420488543363713,0.0420488543363713,0.464615384615385,pilot/exploratory paired effort-selected minus makespan-selected contrast,higher communication traffic under the effort-selected horizon,"exploratory association; selected horizons and outcomes use the same paired pilot scenarios, not causal proof"
33,5,HIPC,ideal,5,1,allocator_time_ms,Allocator computation time (ms),25,84.886728,25.162456,59.724272,49.088,237.354700193018,NaN,45.8792778,74.4837276,164.845249636973,333.805413168815,1.22903222102484e-05,3.68709666307453e-05,1,pilot/exploratory paired effort-selected minus makespan-selected contrast,higher allocator computation time under the effort-selected horizon,"exploratory association; selected horizons and outcomes use the same paired pilot scenarios, not causal proof"
30,5,HIPC,ideal,5,1,max_individual_steps,Maximum individual movement workload (steps),25,28.52,19.92,8.6,6,43.1726907630522,NaN,5.88,11.44,29.1499700116205,58.4292341780917,6.34487033751588e-05,0.000142010179273034,0.972332015810277,pilot/exploratory paired effort-selected minus makespan-selected contrast,higher maximum individual workload under the effort-selected horizon,"exploratory association; selected horizons and outcomes use the same paired pilot scenarios, not causal proof"
24,5,HIPC,ideal,5,1,max_robot_steps,Makespan (maximum robot steps),25,28.52,19.92,8.6,6,43.1726907630522,43.1726907630522,5.84,11.44,29.1014824538934,58.5514426766786,6.34487033751588e-05,0.000142010179273034,0.972332015810277,pilot/exploratory paired effort-selected minus makespan-selected contrast,higher makespan under the effort-selected horizon,"exploratory association; selected horizons and outcomes use the same paired pilot scenarios, not causal proof"
29,5,HIPC,ideal,5,1,max_target_workload,Maximum target workload on one robot,25,4.08,2.44,1.64,1,67.2131147540984,NaN,1.24,2.04,49.2063492063492,87.9310344827586,2.99690234341876e-05,8.99070703025627e-05,1,pilot/exploratory paired effort-selected minus makespan-selected contrast,higher maximum individual workload under the effort-selected horizon,"exploratory association; selected horizons and outcomes use the same paired pilot scenarios, not causal proof"
27,5,HIPC,ideal,5,1,movement_workload_gini,Movement-workload Gini,25,0.584477844214635,0.179249588029739,0.405228256184896,0.427397260273973,226.069281742319,NaN,0.345354360024752,0.463092688313487,163.315545467348,313.039081750576,1.22903222102484e-05,3.68709666307453e-05,1,pilot/exploratory paired effort-selected minus makespan-selected contrast,higher workload imbalance under the effort-selected horizon,"exploratory association; selected horizons and outcomes use the same paired pilot scenarios, not causal proof"
26,5,HIPC,ideal,5,1,target_workload_gini,Target-workload Gini,25,0.638,0.358,0.28,0.2,78.2122905027933,NaN,0.212,0.352,53.6585365853659,110.55900621118,2.49133488101692e-05,7.47400464305077e-05,1,pilot/exploratory paired effort-selected minus makespan-selected contrast,higher workload imbalance under the effort-selected horizon,"exploratory association; selected horizons and outcomes use the same paired pilot scenarios, not causal proof"
32,5,HIPC,ideal,5,1,total_messages,Total messages,25,90.84,132.64,-41.8,-31,-31.5138721351025,NaN,-54.8,-29.92,-37.8913886051886,-24.701074245528,1.22680566332326e-05,3.68041698996977e-05,-1,pilot/exploratory paired effort-selected minus makespan-selected contrast,lower communication traffic under the effort-selected horizon,"exploratory association; selected horizons and outcomes use the same paired pilot scenarios, not causal proof"
23,5,HIPC,ideal,5,1,total_team_steps,Total team steps,25,33.72,55.08,-21.36,-17,-38.7799564270153,NaN,-26.76,-16.48,-44.6226882238125,-32.5347047634752,1.2190382556706e-05,3.6571147670118e-05,-1,pilot/exploratory paired effort-selected minus makespan-selected contrast,lower total team movement under the effort-selected horizon,"exploratory association; selected horizons and outcomes use the same paired pilot scenarios, not causal proof"
61,5,PI,bernoulli_025,3,1,active_robot_count,Active robots completing at least one target,25,2.88,3.2,-0.32,0,-10,NaN,-0.68,0,-20,0,0.102294921875,0.20458984375,-0.516483516483517,pilot/exploratory paired effort-selected minus makespan-selected contrast,lower active-robot count under the effort-selected horizon,"exploratory association; selected horizons and outcomes use the same paired pilot scenarios, not causal proof"
64,5,PI,bernoulli_025,3,1,allocation_messages,Allocation messages,25,34.92,14.84,20.08,19,135.309973045822,NaN,16.68,23.6,107.670998424815,166.571488261043,1.22236228425857e-05,3.6670868527757e-05,1,pilot/exploratory paired effort-selected minus makespan-selected contrast,higher communication traffic under the effort-selected horizon,"exploratory association; selected horizons and outcomes use the same paired pilot scenarios, not causal proof"
66,5,PI,bernoulli_025,3,1,allocator_time_ms,Allocator computation time (ms),25,75.844896,22.228352,53.616544,45.3716,241.20791320922,NaN,40.5420398,67.4762045,163.815251078468,349.181912246672,1.22903222102484e-05,3.68709666307453e-05,1,pilot/exploratory paired effort-selected minus makespan-selected contrast,higher allocator computation time under the effort-selected horizon,"exploratory association; selected horizons and outcomes use the same paired pilot scenarios, not causal proof"
63,5,PI,bernoulli_025,3,1,max_individual_steps,Maximum individual movement workload (steps),25,26.92,21.4,5.52,4,25.7943925233645,NaN,2.72,8.4,12.5882780169711,39.5532097874937,0.00161998339033946,0.00323996678067892,0.766798418972332,pilot/exploratory paired effort-selected minus makespan-selected contrast,higher maximum individual workload under the effort-selected horizon,"exploratory association; selected horizons and outcomes use the same paired pilot scenarios, not causal proof"
57,5,PI,bernoulli_025,3,1,max_robot_steps,Makespan (maximum robot steps),25,26.92,21.4,5.52,4,25.7943925233645,25.7943925233645,2.64,8.40099999999999,12.0649200698272,40,0.00161998339033946,0.00323996678067892,0.766798418972332,pilot/exploratory paired effort-selected minus makespan-selected contrast,higher makespan under the effort-selected horizon,"exploratory association; selected horizons and outcomes use the same paired pilot scenarios, not causal proof"
62,5,PI,bernoulli_025,3,1,max_target_workload,Maximum target workload on one robot,25,2.72,2.36,0.36,0,15.2542372881356,NaN,0.08,0.64,3.125,29.0909090909091,0.0478515625,0.095703125,0.6,pilot/exploratory paired effort-selected minus makespan-selected contrast,higher maximum individual workload under the effort-selected horizon,"exploratory association; selected horizons and outcomes use the same paired pilot scenarios, not causal proof"
60,5,PI,bernoulli_025,3,1,movement_workload_gini,Movement-workload Gini,25,0.265486459886588,0.0869240918134838,0.178562368073104,0.171045503791983,205.423334713985,NaN,0.148979797987456,0.209339153704106,150.169987229278,293.011132774735,1.22903222102484e-05,3.68709666307453e-05,1,pilot/exploratory paired effort-selected minus makespan-selected contrast,higher workload imbalance under the effort-selected horizon,"exploratory association; selected horizons and outcomes use the same paired pilot scenarios, not causal proof"
59,5,PI,bernoulli_025,3,1,target_workload_gini,Target-workload Gini,25,0.418,0.334,0.084,0.0999999999999999,25.1497005988024,NaN,0.00400000000000003,0.16,1.25708994096537,55.4746880150695,0.0710067189044059,0.142013437808812,0.496732026143791,pilot/exploratory paired effort-selected minus makespan-selected contrast,higher workload imbalance under the effort-selected horizon,"exploratory association; selected horizons and outcomes use the same paired pilot scenarios, not causal proof"
65,5,PI,bernoulli_025,3,1,total_messages,Total messages,25,172.2,172.52,-0.32,-3,-0.185485740783686,NaN,-15.72,14.681,-8.97740431351986,8.63646946834151,1,1,0,pilot/exploratory paired effort-selected minus makespan-selected contrast,lower communication traffic under the effort-selected horizon,"exploratory association; selected horizons and outcomes use the same paired pilot scenarios, not causal proof"
56,5,PI,bernoulli_025,3,1,total_team_steps,Total team steps,25,64.64,75.56,-10.92,-10,-14.4520910534674,NaN,-17.84,-4.6,-22.846012632215,-6.24303017462083,0.00579417759466924,0.0115883551893385,-0.630769230769231,pilot/exploratory paired effort-selected minus makespan-selected contrast,lower total team movement under the effort-selected horizon,"exploratory association; selected horizons and outcomes use the same paired pilot scenarios, not causal proof"
50,5,PI,ideal,3,1,active_robot_count,Active robots completing at least one target,25,2.64,3.2,-0.56,0,-17.5,NaN,-0.88,-0.28,-25.8823529411765,-8.86075949367089,0.002685546875,0.00537109375,-0.879120879120879,pilot/exploratory paired effort-selected minus makespan-selected contrast,lower active-robot count under the effort-selected horizon,"exploratory association; selected horizons and outcomes use the same paired pilot scenarios, not causal proof"
53,5,PI,ideal,3,1,allocation_messages,Allocation messages,25,24.04,16.64,7.4,5,44.4711538461538,NaN,4.8,10.08,26.4633980509179,66.5738353929731,0.000130713195535738,0.000392139586607213,0.873846153846154,pilot/exploratory paired effort-selected minus makespan-selected contrast,higher communication traffic under the effort-selected horizon,"exploratory association; selected horizons and outcomes use the same paired pilot scenarios, not causal proof"
55,5,PI,ideal,3,1,allocator_time_ms,Allocator computation time (ms),25,107.83144,40.523692,67.307748,71.4347,166.094806958853,NaN,53.8529309,79.690932,117.578031729312,224.141831975961,1.57051000197501e-05,3.68709666307453e-05,0.987692307692308,pilot/exploratory paired effort-selected minus makespan-selected contrast,higher allocator computation time under the effort-selected horizon,"exploratory association; selected horizons and outcomes use the same paired pilot scenarios, not causal proof"
52,5,PI,ideal,3,1,max_individual_steps,Maximum individual movement workload (steps),25,26.36,19.56,6.8,8,34.7648261758691,NaN,4.84,8.72,24.5018920302725,44.9506361820393,9.19484310623541e-05,0.000142010179273034,0.96969696969697,pilot/exploratory paired effort-selected minus makespan-selected contrast,higher maximum individual workload under the effort-selected horizon,"exploratory association; selected horizons and outcomes use the same paired pilot scenarios, not causal proof"
46,5,PI,ideal,3,1,max_robot_steps,Makespan (maximum robot steps),25,26.36,19.56,6.8,8,34.7648261758691,34.7648261758691,4.84,8.68,24.6601941747573,45.041605045672,9.19484310623541e-05,0.000142010179273034,0.96969696969697,pilot/exploratory paired effort-selected minus makespan-selected contrast,higher makespan under the effort-selected horizon,"exploratory association; selected horizons and outcomes use the same paired pilot scenarios, not causal proof"
51,5,PI,ideal,3,1,max_target_workload,Maximum target workload on one robot,25,2.88,2.44,0.44,0,18.0327868852459,NaN,0.16,0.72,6.06060606060606,31.6666666666667,0.016357421875,0.016357421875,0.736263736263736,pilot/exploratory paired effort-selected minus makespan-selected contrast,higher maximum individual workload under the effort-selected horizon,"exploratory association; selected horizons and outcomes use the same paired pilot scenarios, not causal proof"
49,5,PI,ideal,3,1,movement_workload_gini,Movement-workload Gini,25,0.442738065609801,0.162884985761178,0.279853079848623,0.313616071428571,171.81023686182,NaN,0.240358524906473,0.316852947174142,124.523331088733,237.582765012785,1.22903222102484e-05,3.68709666307453e-05,1,pilot/exploratory paired effort-selected minus makespan-selected contrast,higher workload imbalance under the effort-selected horizon,"exploratory association; selected horizons and outcomes use the same paired pilot scenarios, not causal proof"
48,5,PI,ideal,3,1,target_workload_gini,Target-workload Gini,25,0.47,0.346,0.124,0.0999999999999999,35.8381502890173,NaN,0.064,0.188,16.4251207729469,62.4113475177305,0.00121587296561887,0.00243174593123774,0.842105263157895,pilot/exploratory paired effort-selected minus makespan-selected contrast,higher workload imbalance under the effort-selected horizon,"exploratory association; selected horizons and outcomes use the same paired pilot scenarios, not causal proof"
54,5,PI,ideal,3,1,total_messages,Total messages,25,117.12,137.48,-20.36,-17,-14.8094268257201,NaN,-30.2,-11.24,-20.5795034802058,-8.74429979095722,0.000629152592010892,0.00125830518402178,-0.781538461538462,pilot/exploratory paired effort-selected minus makespan-selected contrast,lower communication traffic under the effort-selected horizon,"exploratory association; selected horizons and outcomes use the same paired pilot scenarios, not causal proof"
45,5,PI,ideal,3,1,total_team_steps,Total team steps,25,43.12,56.84,-13.72,-11,-24.1379310344828,NaN,-17.84,-9.88,-29.4643001059224,-18.4348615275766,2.06453491699544e-05,4.12906983399088e-05,-0.993333333333333,pilot/exploratory paired effort-selected minus makespan-selected contrast,lower total team movement under the effort-selected horizon,"exploratory association; selected horizons and outcomes use the same paired pilot scenarios, not causal proof"
82,10,ACBBA,bernoulli_025,2,1,active_robot_count,Active robots completing at least one target,25,3.76,3.76,0,0,0,NaN,-0.24,0.24,-6.24999999999999,6.66666666666667,1,1,0,pilot/exploratory paired effort-selected minus makespan-selected contrast,unchanged active-robot count under the effort-selected horizon,"exploratory association; selected horizons and outcomes use the same paired pilot scenarios, not causal proof"
85,10,ACBBA,bernoulli_025,2,1,allocation_messages,Allocation messages,25,149.96,109.88,40.08,34,36.4761558063342,NaN,30.479,50.521,27.1288918966159,46.8527433806701,1.22347191306097e-05,3.65379559193423e-05,1,pilot/exploratory paired effort-selected minus makespan-selected contrast,higher communication traffic under the effort-selected horizon,"exploratory association; selected horizons and outcomes use the same paired pilot scenarios, not causal proof"
84,10,ACBBA,bernoulli_025,2,1,max_individual_steps,Maximum individual movement workload (steps),25,25.84,25.08,0.76,0,3.03030303030303,NaN,-0.72,2.28,-2.80811232449297,9.29881329880413,0.346169541044568,0.346169541044568,0.251461988304094,pilot/exploratory paired effort-selected minus makespan-selected contrast,higher maximum individual workload under the effort-selected horizon,"exploratory association; selected horizons and outcomes use the same paired pilot scenarios, not causal proof"
78,10,ACBBA,bernoulli_025,2,1,max_robot_steps,Makespan (maximum robot steps),25,25.84,25.08,0.76,0,3.03030303030303,3.03030303030303,-0.68,2.24,-2.5915623254515,9.17874396135265,0.346169541044568,0.346169541044568,0.251461988304094,pilot/exploratory paired effort-selected minus makespan-selected contrast,higher makespan under the effort-selected horizon,"exploratory association; selected horizons and outcomes use the same paired pilot scenarios, not causal proof"
83,10,ACBBA,bernoulli_025,2,1,max_target_workload,Maximum target workload on one robot,25,4.12,4.44,-0.32,0,-7.20720720720721,NaN,-0.6,-0.08,-13.1578947368421,-1.75438596491226,0.0556640625,0.0556640625,-0.666666666666667,pilot/exploratory paired effort-selected minus makespan-selected contrast,lower maximum individual workload under the effort-selected horizon,"exploratory association; selected horizons and outcomes use the same paired pilot scenarios, not causal proof"
81,10,ACBBA,bernoulli_025,2,1,movement_workload_gini,Movement-workload Gini,25,0.0935442901491745,0.0731278831195264,0.0204164070296481,0.0176470588235296,27.9187720999359,NaN,-0.00500688227589487,0.0433081029344081,-5.47430374178746,74.1595194420606,0.0520334213607994,0.0520334213607994,0.453333333333333,pilot/exploratory paired effort-selected minus makespan-selected contrast,higher workload imbalance under the effort-selected horizon,"exploratory association; selected horizons and outcomes use the same paired pilot scenarios, not causal proof"
80,10,ACBBA,bernoulli_025,2,1,target_workload_gini,Target-workload Gini,25,0.266,0.312,-0.046,-0.05,-14.7435897435897,NaN,-0.082,-0.01,-25.658339260313,-3.28947368421051,0.0388295835149119,0.0388295835149119,-0.536842105263158,pilot/exploratory paired effort-selected minus makespan-selected contrast,lower workload imbalance under the effort-selected horizon,"exploratory association; selected horizons and outcomes use the same paired pilot scenarios, not causal proof"
86,10,ACBBA,bernoulli_025,2,1,total_messages,Total messages,25,341.2,306,35.2,29,11.5032679738562,NaN,20.599,50.16,6.62847445905335,16.6225316322981,0.000164904339187243,0.000329808678374486,0.861538461538462,pilot/exploratory paired effort-selected minus makespan-selected contrast,higher communication traffic under the effort-selected horizon,"exploratory association; selected horizons and outcomes use the same paired pilot scenarios, not causal proof"
77,10,ACBBA,bernoulli_025,2,1,total_team_steps,Total team steps,25,91.92,94.68,-2.76,-1,-2.915082382763,NaN,-8.24,2.6,-8.53116824594785,2.78508375379296,0.352890067199691,0.705780134399381,-0.216666666666667,pilot/exploratory paired effort-selected minus makespan-selected contrast,lower total team movement under the effort-selected horizon,"exploratory association; selected horizons and outcomes use the same paired pilot scenarios, not causal proof"
72,10,ACBBA,ideal,2,1,active_robot_count,Active robots completing at least one target,25,3.92,3.88,0.04,0,1.03092783505154,NaN,0,0.12,0,3.19148936170213,1,1,1,pilot/exploratory paired effort-selected minus makespan-selected contrast,higher active-robot count under the effort-selected horizon,"exploratory association; selected horizons and outcomes use the same paired pilot scenarios, not causal proof"
75,10,ACBBA,ideal,2,1,allocation_messages,Allocation messages,25,151.56,123.04,28.52,28,23.1794538361508,NaN,17.6,39.281,14.0399733431235,32.5748183698643,0.000193555882285533,0.000193555882285533,0.852307692307692,pilot/exploratory paired effort-selected minus makespan-selected contrast,higher communication traffic under the effort-selected horizon,"exploratory association; selected horizons and outcomes use the same paired pilot scenarios, not causal proof"
74,10,ACBBA,ideal,2,1,max_individual_steps,Maximum individual movement workload (steps),25,24.16,23.8,0.36,0,1.5126050420168,NaN,-1.04,1.76,-4.36188754323384,7.52192982456141,0.637043702797051,0.637043702797051,0.116883116883117,pilot/exploratory paired effort-selected minus makespan-selected contrast,higher maximum individual workload under the effort-selected horizon,"exploratory association; selected horizons and outcomes use the same paired pilot scenarios, not causal proof"
68,10,ACBBA,ideal,2,1,max_robot_steps,Makespan (maximum robot steps),25,24.16,23.8,0.36,0,1.5126050420168,1.5126050420168,-1,1.76,-4.1877803446764,7.44505346149691,0.637043702797051,0.637043702797051,0.116883116883117,pilot/exploratory paired effort-selected minus makespan-selected contrast,higher makespan under the effort-selected horizon,"exploratory association; selected horizons and outcomes use the same paired pilot scenarios, not causal proof"
73,10,ACBBA,ideal,2,1,max_target_workload,Maximum target workload on one robot,25,3.88,4,-0.12,0,-3,NaN,-0.4,0.2,-10,5,0.61328125,0.61328125,-0.230769230769231,pilot/exploratory paired effort-selected minus makespan-selected contrast,lower maximum individual workload under the effort-selected horizon,"exploratory association; selected horizons and outcomes use the same paired pilot scenarios, not causal proof"
71,10,ACBBA,ideal,2,1,movement_workload_gini,Movement-workload Gini,25,0.129168198133447,0.0691127049072864,0.0600554932261603,0.0530487804878048,86.8950120049906,NaN,0.0443484890343218,0.0770734698774168,59.0456895228576,121.887987553089,1.57051000197501e-05,3.68709666307453e-05,0.987692307692308,pilot/exploratory paired effort-selected minus makespan-selected contrast,higher workload imbalance under the effort-selected horizon,"exploratory association; selected horizons and outcomes use the same paired pilot scenarios, not causal proof"
70,10,ACBBA,ideal,2,1,target_workload_gini,Target-workload Gini,25,0.212,0.244,-0.032,0,-13.1147540983607,NaN,-0.068,0.00799999999999998,-26.6666666666667,3.25203252032522,0.1610107421875,0.1610107421875,-0.408333333333333,pilot/exploratory paired effort-selected minus makespan-selected contrast,lower workload imbalance under the effort-selected horizon,"exploratory association; selected horizons and outcomes use the same paired pilot scenarios, not causal proof"
76,10,ACBBA,ideal,2,1,total_messages,Total messages,25,302.2,294.52,7.68,21,2.60763275838654,NaN,-8.201,22.8,-2.76025862588142,7.85296797163948,0.38177365273414,0.76354730546828,0.2,pilot/exploratory paired effort-selected minus makespan-selected contrast,higher communication traffic under the effort-selected horizon,"exploratory association; selected horizons and outcomes use the same paired pilot scenarios, not causal proof"
67,10,ACBBA,ideal,2,1,total_team_steps,Total team steps,25,71.4,81.76,-10.36,-10,-12.6712328767123,NaN,-13.72,-7.08,-16.586191516756,-8.81452195371512,3.83457271816132e-05,3.83457271816132e-05,-0.96,pilot/exploratory paired effort-selected minus makespan-selected contrast,lower total team movement under the effort-selected horizon,"exploratory association; selected horizons and outcomes use the same paired pilot scenarios, not causal proof"
102,10,HIPC,bernoulli_025,12,1,active_robot_count,Active robots completing at least one target,25,2.72,3.88,-1.16,-1,-29.8969072164948,NaN,-1.44,-0.92,-36.8421052631579,-23.469387755102,1.62898561204004e-05,4.88695683612013e-05,-1,pilot/exploratory paired effort-selected minus makespan-selected contrast,lower active-robot count under the effort-selected horizon,"exploratory association; selected horizons and outcomes use the same paired pilot scenarios, not causal proof"
105,10,HIPC,bernoulli_025,12,1,allocation_messages,Allocation messages,25,52.76,20.16,32.6,33,161.706349206349,NaN,27.079,38.36,131.60892834252,196.239409508215,1.22458235221836e-05,3.65379559193423e-05,1,pilot/exploratory paired effort-selected minus makespan-selected contrast,higher communication traffic under the effort-selected horizon,"exploratory association; selected horizons and outcomes use the same paired pilot scenarios, not causal proof"
104,10,HIPC,bernoulli_025,12,1,max_individual_steps,Maximum individual movement workload (steps),25,37.04,24.4,12.64,12,51.8032786885246,NaN,8.68,16.921,35.3130016051364,70.7009541769464,5.91118392144744e-05,0.0001421541331444,1,pilot/exploratory paired effort-selected minus makespan-selected contrast,higher maximum individual workload under the effort-selected horizon,"exploratory association; selected horizons and outcomes use the same paired pilot scenarios, not causal proof"
98,10,HIPC,bernoulli_025,12,1,max_robot_steps,Makespan (maximum robot steps),25,37.04,24.4,12.64,12,51.8032786885246,51.8032786885246,8.64,16.8,35.1850343829171,69.8493683979053,5.91118392144744e-05,0.0001421541331444,1,pilot/exploratory paired effort-selected minus makespan-selected contrast,higher makespan under the effort-selected horizon,"exploratory association; selected horizons and outcomes use the same paired pilot scenarios, not causal proof"
103,10,HIPC,bernoulli_025,12,1,max_target_workload,Maximum target workload on one robot,25,6.4,4.08,2.32,2,56.8627450980392,NaN,1.6,3.04099999999999,38.4615384615385,77.319587628866,5.15969638470052e-05,0.000154790891541015,1,pilot/exploratory paired effort-selected minus makespan-selected contrast,higher maximum individual workload under the effort-selected horizon,"exploratory association; selected horizons and outcomes use the same paired pilot scenarios, not causal proof"
101,10,HIPC,bernoulli_025,12,1,movement_workload_gini,Movement-workload Gini,25,0.458747325069237,0.0790629452813853,0.379684379787852,0.357397504456328,480.230502970201,NaN,0.338591544945787,0.421857620557502,389.198818736989,606.594392351519,1.22903222102484e-05,3.68709666307453e-05,1,pilot/exploratory paired effort-selected minus makespan-selected contrast,higher workload imbalance under the effort-selected horizon,"exploratory association; selected horizons and outcomes use the same paired pilot scenarios, not causal proof"
100,10,HIPC,bernoulli_025,12,1,target_workload_gini,Target-workload Gini,25,0.516,0.25,0.266,0.25,106.4,NaN,0.21,0.326,78.3572956893852,145.217391304348,1.77366072393486e-05,5.32098217180458e-05,1,pilot/exploratory paired effort-selected minus makespan-selected contrast,higher workload imbalance under the effort-selected horizon,"exploratory association; selected horizons and outcomes use the same paired pilot scenarios, not causal proof"
106,10,HIPC,bernoulli_025,12,1,total_messages,Total messages,25,187,199.96,-12.96,-8,-6.48129625925186,NaN,-28.001,1.32,-13.6409748125269,0.665420350214006,0.115343157880268,0.115343157880268,-0.36,pilot/exploratory paired effort-selected minus makespan-selected contrast,lower communication traffic under the effort-selected horizon,"exploratory association; selected horizons and outcomes use the same paired pilot scenarios, not causal proof"
97,10,HIPC,bernoulli_025,12,1,total_team_steps,Total team steps,25,63.72,86.2,-22.48,-20,-26.0788863109049,NaN,-28.92,-16.16,-32.5910024762864,-19.1977487617709,2.85677649528156e-05,8.57032948584468e-05,-0.956923076923077,pilot/exploratory paired effort-selected minus makespan-selected contrast,lower total team movement under the effort-selected horizon,"exploratory association; selected horizons and outcomes use the same paired pilot scenarios, not causal proof"
92,10,HIPC,ideal,12,1,active_robot_count,Active robots completing at least one target,25,2.68,3.84,-1.16,-1,-30.2083333333333,NaN,-1.48,-0.84,-38.5416666666667,-21.6494845360825,8.73955221837046e-05,0.000262186566551114,-1,pilot/exploratory paired effort-selected minus makespan-selected contrast,lower active-robot count under the effort-selected horizon,"exploratory association; selected horizons and outcomes use the same paired pilot scenarios, not causal proof"
95,10,HIPC,ideal,12,1,allocation_messages,Allocation messages,25,44.56,21.88,22.68,24,103.656307129799,NaN,18.08,27.56,76.1192699603586,135.934755509656,1.22125346538002e-05,3.66043636798298e-05,1,pilot/exploratory paired effort-selected minus makespan-selected contrast,higher communication traffic under the effort-selected horizon,"exploratory association; selected horizons and outcomes use the same paired pilot scenarios, not causal proof"
94,10,HIPC,ideal,12,1,max_individual_steps,Maximum individual movement workload (steps),25,35.2,23,12.2,10,53.0434782608696,NaN,8.72,16,37.9063349698721,69.897009567905,3.9818721005008e-05,7.96374420100161e-05,1,pilot/exploratory paired effort-selected minus makespan-selected contrast,higher maximum individual workload under the effort-selected horizon,"exploratory association; selected horizons and outcomes use the same paired pilot scenarios, not causal proof"
88,10,HIPC,ideal,12,1,max_robot_steps,Makespan (maximum robot steps),25,35.2,23,12.2,10,53.0434782608696,53.0434782608696,8.72,15.92,37.6288659793814,70.0004258943782,3.9818721005008e-05,7.96374420100161e-05,1,pilot/exploratory paired effort-selected minus makespan-selected contrast,higher makespan under the effort-selected horizon,"exploratory association; selected horizons and outcomes use the same paired pilot scenarios, not causal proof"
93,10,HIPC,ideal,12,1,max_target_workload,Maximum target workload on one robot,25,6.32,3.8,2.52,2,66.3157894736842,NaN,1.68,3.36,43.1578947368421,91.3978494623656,0.000125733633207948,0.000251467266415895,1,pilot/exploratory paired effort-selected minus makespan-selected contrast,higher maximum individual workload under the effort-selected horizon,"exploratory association; selected horizons and outcomes use the same paired pilot scenarios, not causal proof"
91,10,HIPC,ideal,12,1,movement_workload_gini,Movement-workload Gini,25,0.510442155792382,0.0822996736088615,0.428142482183521,0.41576544099976,520.223791188184,NaN,0.381353476147159,0.474880617059374,423.478238404362,653.420434225996,1.22903222102484e-05,3.68709666307453e-05,1,pilot/exploratory paired effort-selected minus makespan-selected contrast,higher workload imbalance under the effort-selected horizon,"exploratory association; selected horizons and outcomes use the same paired pilot scenarios, not causal proof"
90,10,HIPC,ideal,12,1,target_workload_gini,Target-workload Gini,25,0.508,0.22,0.288,0.25,130.909090909091,NaN,0.216,0.362,89.7632747829599,187.368421052632,1.19706348976246e-05,3.59119046928739e-05,1,pilot/exploratory paired effort-selected minus makespan-selected contrast,higher workload imbalance under the effort-selected horizon,"exploratory association; selected horizons and outcomes use the same paired pilot scenarios, not causal proof"
96,10,HIPC,ideal,12,1,total_messages,Total messages,25,154.4,183,-28.6,-27,-15.6284153005465,NaN,-38.081,-19.24,-20.0864048139992,-10.8358174317301,6.80668272392038e-05,0.000204200481717612,-0.910769230769231,pilot/exploratory paired effort-selected minus makespan-selected contrast,lower communication traffic under the effort-selected horizon,"exploratory association; selected horizons and outcomes use the same paired pilot scenarios, not causal proof"
87,10,HIPC,ideal,12,1,total_team_steps,Total team steps,25,51.88,76.76,-24.88,-26,-32.4127149557061,NaN,-28.36,-21.52,-35.7067510548523,-29.0116810799918,1.21572150476427e-05,3.64716451429282e-05,-1,pilot/exploratory paired effort-selected minus makespan-selected contrast,lower total team movement under the effort-selected horizon,"exploratory association; selected horizons and outcomes use the same paired pilot scenarios, not causal proof"
122,10,PI,bernoulli_025,5,1,active_robot_count,Active robots completing at least one target,25,3.48,3.88,-0.4,0,-10.3092783505155,NaN,-0.6,-0.2,-15.3061224489796,-5.26315789473684,0.001953125,0.00390625,-1,pilot/exploratory paired effort-selected minus makespan-selected contrast,lower active-robot count under the effort-selected horizon,"exploratory association; selected horizons and outcomes use the same paired pilot scenarios, not causal proof"
125,10,PI,bernoulli_025,5,1,allocation_messages,Allocation messages,25,90.72,19.16,71.56,73,373.486430062631,NaN,65.08,77.96,325.938543854385,424.839284857211,1.21793186397808e-05,3.65379559193423e-05,1,pilot/exploratory paired effort-selected minus makespan-selected contrast,higher communication traffic under the effort-selected horizon,"exploratory association; selected horizons and outcomes use the same paired pilot scenarios, not causal proof"
124,10,PI,bernoulli_025,5,1,max_individual_steps,Maximum individual movement workload (steps),25,34.48,25.8,8.68,5,33.6434108527132,NaN,5.52,12,20.6181303774901,48.3517809328102,4.73847110481334e-05,0.0001421541331444,0.967391304347826,pilot/exploratory paired effort-selected minus makespan-selected contrast,higher maximum individual workload under the effort-selected horizon,"exploratory association; selected horizons and outcomes use the same paired pilot scenarios, not causal proof"
118,10,PI,bernoulli_025,5,1,max_robot_steps,Makespan (maximum robot steps),25,34.48,25.8,8.68,5,33.6434108527132,33.6434108527132,5.599,12.04,20.7766445261135,48.4555341029985,4.73847110481334e-05,0.0001421541331444,0.967391304347826,pilot/exploratory paired effort-selected minus makespan-selected contrast,higher makespan under the effort-selected horizon,"exploratory association; selected horizons and outcomes use the same paired pilot scenarios, not causal proof"
123,10,PI,bernoulli_025,5,1,max_target_workload,Maximum target workload on one robot,25,4.56,3.92,0.64,0,16.3265306122449,NaN,0.24,1.08,5.66037735849056,28.4093899521531,0.008544921875,0.01708984375,0.771428571428571,pilot/exploratory paired effort-selected minus makespan-selected contrast,higher maximum individual workload under the effort-selected horizon,"exploratory association; selected horizons and outcomes use the same paired pilot scenarios, not causal proof"
121,10,PI,bernoulli_025,5,1,movement_workload_gini,Movement-workload Gini,25,0.172711197245377,0.0506216753751176,0.12208952187026,0.111638361638362,241.180326343508,NaN,0.0924259109340797,0.153258753189989,169.423827271237,336.305197523329,1.22903222102484e-05,3.68709666307453e-05,1,pilot/exploratory paired effort-selected minus makespan-selected contrast,higher workload imbalance under the effort-selected horizon,"exploratory association; selected horizons and outcomes use the same paired pilot scenarios, not causal proof"
120,10,PI,bernoulli_025,5,1,target_workload_gini,Target-workload Gini,25,0.316,0.236,0.08,0.05,33.8983050847457,NaN,0.028,0.134,11.4503816793893,61.6073683261183,0.0115837439789569,0.0231674879579138,0.642857142857143,pilot/exploratory paired effort-selected minus makespan-selected contrast,higher workload imbalance under the effort-selected horizon,"exploratory association; selected horizons and outcomes use the same paired pilot scenarios, not causal proof"
126,10,PI,bernoulli_025,5,1,total_messages,Total messages,25,309.68,225.88,83.8,83,37.0993447848415,NaN,59.8,107.481,25.2156190470085,49.9266619197086,3.83619528735302e-05,0.000115085858620591,0.941538461538462,pilot/exploratory paired effort-selected minus makespan-selected contrast,higher communication traffic under the effort-selected horizon,"exploratory association; selected horizons and outcomes use the same paired pilot scenarios, not causal proof"
117,10,PI,bernoulli_025,5,1,total_team_steps,Total team steps,25,105.08,100.04,5.04,3,5.03798480607756,NaN,-4.76,14.88,-4.5147122722587,15.6145867033322,0.38177365273414,0.705780134399381,0.2,pilot/exploratory paired effort-selected minus makespan-selected contrast,higher total team movement under the effort-selected horizon,"exploratory association; selected horizons and outcomes use the same paired pilot scenarios, not causal proof"
112,10,PI,ideal,5,1,active_robot_count,Active robots completing at least one target,25,3.24,3.88,-0.64,-1,-16.4948453608247,NaN,-0.88,-0.4,-22.680412371134,-10.3092783505155,0.0001220703125,0.000262186566551114,-1,pilot/exploratory paired effort-selected minus makespan-selected contrast,lower active-robot count under the effort-selected horizon,"exploratory association; selected horizons and outcomes use the same paired pilot scenarios, not causal proof"
115,10,PI,ideal,5,1,allocation_messages,Allocation messages,25,54.08,20.28,33.8,35,166.666666666667,NaN,30.08,37.68,141.965973534972,193.005328135153,1.22014545599433e-05,3.66043636798298e-05,1,pilot/exploratory paired effort-selected minus makespan-selected contrast,higher communication traffic under the effort-selected horizon,"exploratory association; selected horizons and outcomes use the same paired pilot scenarios, not causal proof"
114,10,PI,ideal,5,1,max_individual_steps,Maximum individual movement workload (steps),25,35.16,22.96,12.2,13,53.1358885017421,NaN,9.24,15.16,39.7206853080735,67.0338152413624,1.21241201991596e-05,3.63723605974787e-05,1,pilot/exploratory paired effort-selected minus makespan-selected contrast,higher maximum individual workload under the effort-selected horizon,"exploratory association; selected horizons and outcomes use the same paired pilot scenarios, not causal proof"
108,10,PI,ideal,5,1,max_robot_steps,Makespan (maximum robot steps),25,35.16,22.96,12.2,13,53.1358885017421,53.1358885017421,9.32,15.16,40.0998666911832,67.014026675485,1.21241201991596e-05,3.63723605974787e-05,1,pilot/exploratory paired effort-selected minus makespan-selected contrast,higher makespan under the effort-selected horizon,"exploratory association; selected horizons and outcomes use the same paired pilot scenarios, not causal proof"
113,10,PI,ideal,5,1,max_target_workload,Maximum target workload on one robot,25,5.32,3.64,1.68,2,46.1538461538462,NaN,1.2,2.2,31.5789473684211,63.0952380952381,7.44619583090827e-05,0.000223385874927248,1,pilot/exploratory paired effort-selected minus makespan-selected contrast,higher maximum individual workload under the effort-selected horizon,"exploratory association; selected horizons and outcomes use the same paired pilot scenarios, not causal proof"
111,10,PI,ideal,5,1,movement_workload_gini,Movement-workload Gini,25,0.418375352112869,0.0690283411098908,0.349347011002978,0.346944444444444,506.092143293476,NaN,0.314165266724761,0.384974980872842,412.537719548261,632.01035457949,1.22903222102484e-05,3.68709666307453e-05,1,pilot/exploratory paired effort-selected minus makespan-selected contrast,higher workload imbalance under the effort-selected horizon,"exploratory association; selected horizons and outcomes use the same paired pilot scenarios, not causal proof"
110,10,PI,ideal,5,1,target_workload_gini,Target-workload Gini,25,0.422,0.198,0.224,0.2,113.131313131313,NaN,0.17,0.278,74.545025728988,165.484855334539,2.638519860997e-05,5.27703972199399e-05,1,pilot/exploratory paired effort-selected minus makespan-selected contrast,higher workload imbalance under the effort-selected horizon,"exploratory association; selected horizons and outcomes use the same paired pilot scenarios, not causal proof"
116,10,PI,ideal,5,1,total_messages,Total messages,25,185.64,186,-0.36,-6,-0.193548387096787,NaN,-9,8,-4.77983188114358,4.34034407439847,0.967785423722374,0.967785423722374,-0.00923076923076923,pilot/exploratory paired effort-selected minus makespan-selected contrast,lower communication traffic under the effort-selected horizon,"exploratory association; selected horizons and outcomes use the same paired pilot scenarios, not causal proof"
107,10,PI,ideal,5,1,total_team_steps,Total team steps,25,62.2,78.88,-16.68,-16,-21.1460446247464,NaN,-19.76,-13.56,-24.7988724894847,-17.362858580775,1.81080419967847e-05,3.64716451429282e-05,-1,pilot/exploratory paired effort-selected minus makespan-selected contrast,lower total team movement under the effort-selected horizon,"exploratory association; selected horizons and outcomes use the same paired pilot scenarios, not causal proof"
143,20,ACBBA,bernoulli_025,2,2,active_robot_count,Active robots completing at least one target,25,4,4,0,0,0,NaN,0,0,0,0,1,1,0,pilot/exploratory paired effort-selected minus makespan-selected contrast,unchanged active-robot count under the effort-selected horizon,"exploratory association; selected horizons and outcomes use the same paired pilot scenarios, not causal proof"
146,20,ACBBA,bernoulli_025,2,2,allocation_messages,Allocation messages,25,244.08,244.08,0,0,0,NaN,0,0,0,0,1,1,0,pilot/exploratory paired effort-selected minus makespan-selected contrast,unchanged communication traffic under the effort-selected horizon,"exploratory association; selected horizons and outcomes use the same paired pilot scenarios, not causal proof"
148,20,ACBBA,bernoulli_025,2,2,allocator_time_ms,Allocator computation time (ms),25,30.969952,30.969952,0,0,0,NaN,0,0,0,0,1,1,0,pilot/exploratory paired effort-selected minus makespan-selected contrast,unchanged allocator computation time under the effort-selected horizon,"exploratory association; selected horizons and outcomes use the same paired pilot scenarios, not causal proof"
145,20,ACBBA,bernoulli_025,2,2,max_individual_steps,Maximum individual movement workload (steps),25,33.48,33.48,0,0,0,NaN,0,0,0,0,1,1,0,pilot/exploratory paired effort-selected minus makespan-selected contrast,unchanged maximum individual workload under the effort-selected horizon,"exploratory association; selected horizons and outcomes use the same paired pilot scenarios, not causal proof"
139,20,ACBBA,bernoulli_025,2,2,max_robot_steps,Makespan (maximum robot steps),25,33.48,33.48,0,0,0,0,0,0,0,0,1,1,0,pilot/exploratory paired effort-selected minus makespan-selected contrast,unchanged makespan under the effort-selected horizon,"exploratory association; selected horizons and outcomes use the same paired pilot scenarios, not causal proof"
144,20,ACBBA,bernoulli_025,2,2,max_target_workload,Maximum target workload on one robot,25,7.08,7.08,0,0,0,NaN,0,0,0,0,1,1,0,pilot/exploratory paired effort-selected minus makespan-selected contrast,unchanged maximum individual workload under the effort-selected horizon,"exploratory association; selected horizons and outcomes use the same paired pilot scenarios, not causal proof"
142,20,ACBBA,bernoulli_025,2,2,movement_workload_gini,Movement-workload Gini,25,0.0660142148067965,0.0660142148067965,0,0,0,NaN,0,0,0,0,1,1,0,pilot/exploratory paired effort-selected minus makespan-selected contrast,unchanged workload imbalance under the effort-selected horizon,"exploratory association; selected horizons and outcomes use the same paired pilot scenarios, not causal proof"
141,20,ACBBA,bernoulli_025,2,2,target_workload_gini,Target-workload Gini,25,0.171,0.171,0,0,0,NaN,0,0,0,0,1,1,0,pilot/exploratory paired effort-selected minus makespan-selected contrast,unchanged workload imbalance under the effort-selected horizon,"exploratory association; selected horizons and outcomes use the same paired pilot scenarios, not causal proof"
147,20,ACBBA,bernoulli_025,2,2,total_messages,Total messages,25,507.44,507.44,0,0,0,NaN,0,0,0,0,1,1,0,pilot/exploratory paired effort-selected minus makespan-selected contrast,unchanged communication traffic under the effort-selected horizon,"exploratory association; selected horizons and outcomes use the same paired pilot scenarios, not causal proof"
138,20,ACBBA,bernoulli_025,2,2,total_team_steps,Total team steps,25,128.56,128.56,0,0,0,NaN,0,0,0,0,1,1,0,pilot/exploratory paired effort-selected minus makespan-selected contrast,unchanged total team movement under the effort-selected horizon,"exploratory association; selected horizons and outcomes use the same paired pilot scenarios, not causal proof"
132,20,ACBBA,ideal,2,2,active_robot_count,Active robots completing at least one target,25,4,4,0,0,0,NaN,0,0,0,0,1,1,0,pilot/exploratory paired effort-selected minus makespan-selected contrast,unchanged active-robot count under the effort-selected horizon,"exploratory association; selected horizons and outcomes use the same paired pilot scenarios, not causal proof"
135,20,ACBBA,ideal,2,2,allocation_messages,Allocation messages,25,262.76,262.76,0,0,0,NaN,0,0,0,0,1,1,0,pilot/exploratory paired effort-selected minus makespan-selected contrast,unchanged communication traffic under the effort-selected horizon,"exploratory association; selected horizons and outcomes use the same paired pilot scenarios, not causal proof"
137,20,ACBBA,ideal,2,2,allocator_time_ms,Allocator computation time (ms),25,55.482844,55.482844,0,0,0,NaN,0,0,0,0,1,1,0,pilot/exploratory paired effort-selected minus makespan-selected contrast,unchanged allocator computation time under the effort-selected horizon,"exploratory association; selected horizons and outcomes use the same paired pilot scenarios, not causal proof"
134,20,ACBBA,ideal,2,2,max_individual_steps,Maximum individual movement workload (steps),25,30.08,30.08,0,0,0,NaN,0,0,0,0,1,1,0,pilot/exploratory paired effort-selected minus makespan-selected contrast,unchanged maximum individual workload under the effort-selected horizon,"exploratory association; selected horizons and outcomes use the same paired pilot scenarios, not causal proof"
128,20,ACBBA,ideal,2,2,max_robot_steps,Makespan (maximum robot steps),25,30.08,30.08,0,0,0,0,0,0,0,0,1,1,0,pilot/exploratory paired effort-selected minus makespan-selected contrast,unchanged makespan under the effort-selected horizon,"exploratory association; selected horizons and outcomes use the same paired pilot scenarios, not causal proof"
133,20,ACBBA,ideal,2,2,max_target_workload,Maximum target workload on one robot,25,6.68,6.68,0,0,0,NaN,0,0,0,0,1,1,0,pilot/exploratory paired effort-selected minus makespan-selected contrast,unchanged maximum individual workload under the effort-selected horizon,"exploratory association; selected horizons and outcomes use the same paired pilot scenarios, not causal proof"
131,20,ACBBA,ideal,2,2,movement_workload_gini,Movement-workload Gini,25,0.0810493397743174,0.0810493397743174,0,0,0,NaN,0,0,0,0,1,1,0,pilot/exploratory paired effort-selected minus makespan-selected contrast,unchanged workload imbalance under the effort-selected horizon,"exploratory association; selected horizons and outcomes use the same paired pilot scenarios, not causal proof"
130,20,ACBBA,ideal,2,2,target_workload_gini,Target-workload Gini,25,0.142,0.142,0,0,0,NaN,0,0,0,0,1,1,0,pilot/exploratory paired effort-selected minus makespan-selected contrast,unchanged workload imbalance under the effort-selected horizon,"exploratory association; selected horizons and outcomes use the same paired pilot scenarios, not causal proof"
136,20,ACBBA,ideal,2,2,total_messages,Total messages,25,469.68,469.68,0,0,0,NaN,0,0,0,0,1,1,0,pilot/exploratory paired effort-selected minus makespan-selected contrast,unchanged communication traffic under the effort-selected horizon,"exploratory association; selected horizons and outcomes use the same paired pilot scenarios, not causal proof"
127,20,ACBBA,ideal,2,2,total_team_steps,Total team steps,25,98.96,98.96,0,0,0,NaN,0,0,0,0,1,1,0,pilot/exploratory paired effort-selected minus makespan-selected contrast,unchanged total team movement under the effort-selected horizon,"exploratory association; selected horizons and outcomes use the same paired pilot scenarios, not causal proof"
165,20,HIPC,bernoulli_025,12,1,active_robot_count,Active robots completing at least one target,25,3.52,3.96,-0.44,0,-11.1111111111111,NaN,-0.64,-0.24,-16,-6.06060606060606,0.0009765625,0.0029296875,-1,pilot/exploratory paired effort-selected minus makespan-selected contrast,lower active-robot count under the effort-selected horizon,"exploratory association; selected horizons and outcomes use the same paired pilot scenarios, not causal proof"
168,20,HIPC,bernoulli_025,12,1,allocation_messages,Allocation messages,25,146.08,33.96,112.12,112,330.153121319199,NaN,101.4,123,291.683502497282,372.654042592066,1.22347191306097e-05,3.63393141291554e-05,1,pilot/exploratory paired effort-selected minus makespan-selected contrast,higher communication traffic under the effort-selected horizon,"exploratory association; selected horizons and outcomes use the same paired pilot scenarios, not causal proof"
170,20,HIPC,bernoulli_025,12,1,allocator_time_ms,Allocator computation time (ms),25,560.52516,58.423528,502.101632,483.9973,859.416829466375,NaN,398.6413262,627.5020039,663.704519186852,1102.59477833621,1.22903222102484e-05,3.68709666307453e-05,1,pilot/exploratory paired effort-selected minus makespan-selected contrast,higher allocator computation time under the effort-selected horizon,"exploratory association; selected horizons and outcomes use the same paired pilot scenarios, not causal proof"
167,20,HIPC,bernoulli_025,12,1,max_individual_steps,Maximum individual movement workload (steps),25,44.48,32.52,11.96,11,36.7773677736777,NaN,7.36,16.8,21.2583564996383,54.4976527304114,0.00023603441652935,0.000708103249588049,0.84,pilot/exploratory paired effort-selected minus makespan-selected contrast,higher maximum individual workload under the effort-selected horizon,"exploratory association; selected horizons and outcomes use the same paired pilot scenarios, not causal proof"
161,20,HIPC,bernoulli_025,12,1,max_robot_steps,Makespan (maximum robot steps),25,44.48,32.52,11.96,11,36.7773677736777,36.7773677736777,7.36,16.76,21.3951949950001,54.2328042328042,0.00023603441652935,0.000708103249588049,0.84,pilot/exploratory paired effort-selected minus makespan-selected contrast,higher makespan under the effort-selected horizon,"exploratory association; selected horizons and outcomes use the same paired pilot scenarios, not causal proof"
166,20,HIPC,bernoulli_025,12,1,max_target_workload,Maximum target workload on one robot,25,10.36,7.44,2.92,3,39.247311827957,NaN,1.96,3.92,25.668449197861,54.4444444444444,6.21884279882512e-05,0.000186565283964753,0.93,pilot/exploratory paired effort-selected minus makespan-selected contrast,higher maximum individual workload under the effort-selected horizon,"exploratory association; selected horizons and outcomes use the same paired pilot scenarios, not causal proof"
164,20,HIPC,bernoulli_025,12,1,movement_workload_gini,Movement-workload Gini,25,0.281300749665092,0.0571078235641774,0.224192926100915,0.220459952418715,392.578305578339,NaN,0.177794169680984,0.274062350059851,262.795682396093,567.858468922133,1.389801409379e-05,4.16940422813699e-05,0.993846153846154,pilot/exploratory paired effort-selected minus makespan-selected contrast,higher workload imbalance under the effort-selected horizon,"exploratory association; selected horizons and outcomes use the same paired pilot scenarios, not causal proof"
163,20,HIPC,bernoulli_025,12,1,target_workload_gini,Target-workload Gini,25,0.401,0.208,0.193,0.2,92.7884615384616,NaN,0.139,0.248,59.750905478585,135.754189944134,3.5970521266344e-05,0.000107911563799032,0.963333333333333,pilot/exploratory paired effort-selected minus makespan-selected contrast,higher workload imbalance under the effort-selected horizon,"exploratory association; selected horizons and outcomes use the same paired pilot scenarios, not causal proof"
169,20,HIPC,bernoulli_025,12,1,total_messages,Total messages,25,371.08,292.32,78.76,72,26.9430760810071,NaN,49.48,107.28,16.0207104832078,38.9336674432575,0.000174372656137261,0.000523117968411784,0.858461538461538,pilot/exploratory paired effort-selected minus makespan-selected contrast,higher communication traffic under the effort-selected horizon,"exploratory association; selected horizons and outcomes use the same paired pilot scenarios, not causal proof"
160,20,HIPC,bernoulli_025,12,1,total_team_steps,Total team steps,25,108.4,125.64,-17.24,-16,-13.7217446673034,NaN,-28.121,-6.92,-20.9560602675952,-5.87170501551048,0.00655135454027195,0.0196540636208158,-0.621538461538461,pilot/exploratory paired effort-selected minus makespan-selected contrast,lower total team movement under the effort-selected horizon,"exploratory association; selected horizons and outcomes use the same paired pilot scenarios, not causal proof"
154,20,HIPC,ideal,12,1,active_robot_count,Active robots completing at least one target,25,3.44,4,-0.56,0,-14,NaN,-0.8,-0.32,-20,-8,0.00048828125,0.00146484375,-1,pilot/exploratory paired effort-selected minus makespan-selected contrast,lower active-robot count under the effort-selected horizon,"exploratory association; selected horizons and outcomes use the same paired pilot scenarios, not causal proof"
157,20,HIPC,ideal,12,1,allocation_messages,Allocation messages,25,131.92,33.96,97.96,93,288.457008244994,NaN,86.759,109.72,248.96956836203,332.515132389162,1.22791853613367e-05,3.63723605974787e-05,1,pilot/exploratory paired effort-selected minus makespan-selected contrast,higher communication traffic under the effort-selected horizon,"exploratory association; selected horizons and outcomes use the same paired pilot scenarios, not causal proof"
159,20,HIPC,ideal,12,1,allocator_time_ms,Allocator computation time (ms),25,592.119648,74.862836,517.256812,487.0474,690.939376114472,NaN,441.0726156,596.7948946,583.346634313007,811.732434962066,1.22903222102484e-05,3.68709666307453e-05,1,pilot/exploratory paired effort-selected minus makespan-selected contrast,higher allocator computation time under the effort-selected horizon,"exploratory association; selected horizons and outcomes use the same paired pilot scenarios, not causal proof"
156,20,HIPC,ideal,12,1,max_individual_steps,Maximum individual movement workload (steps),25,47.32,28.88,18.44,17,63.8504155124654,NaN,14.84,22.08,49.5977737120499,78.962884793986,1.21793186397808e-05,3.65379559193423e-05,1,pilot/exploratory paired effort-selected minus makespan-selected contrast,higher maximum individual workload under the effort-selected horizon,"exploratory association; selected horizons and outcomes use the same paired pilot scenarios, not causal proof"
150,20,HIPC,ideal,12,1,max_robot_steps,Makespan (maximum robot steps),25,47.32,28.88,18.44,17,63.8504155124654,63.8504155124654,14.8,22,49.3403693931398,78.4684828040902,1.21793186397808e-05,3.65379559193423e-05,1,pilot/exploratory paired effort-selected minus makespan-selected contrast,higher makespan under the effort-selected horizon,"exploratory association; selected horizons and outcomes use the same paired pilot scenarios, not causal proof"
155,20,HIPC,ideal,12,1,max_target_workload,Maximum target workload on one robot,25,11.4,6.68,4.72,5,70.6586826347305,NaN,3.84,5.64,56.4705882352941,86.3354037267081,1.14562322863078e-05,3.43686968589235e-05,1,pilot/exploratory paired effort-selected minus makespan-selected contrast,higher maximum individual workload under the effort-selected horizon,"exploratory association; selected horizons and outcomes use the same paired pilot scenarios, not causal proof"
153,20,HIPC,ideal,12,1,movement_workload_gini,Movement-workload Gini,25,0.452659795627877,0.0509389895567773,0.401720806071099,0.413541092112521,788.631281394648,NaN,0.378683186298793,0.422709469378491,673.969023229181,927.920606233906,1.22903222102484e-05,3.68709666307453e-05,1,pilot/exploratory paired effort-selected minus makespan-selected contrast,higher workload imbalance under the effort-selected horizon,"exploratory association; selected horizons and outcomes use the same paired pilot scenarios, not causal proof"
152,20,HIPC,ideal,12,1,target_workload_gini,Target-workload Gini,25,0.455,0.151,0.304,0.3,201.324503311258,NaN,0.264,0.344,159.279848124979,256.455763757116,1.20471808027829e-05,3.61415424083486e-05,1,pilot/exploratory paired effort-selected minus makespan-selected contrast,higher workload imbalance under the effort-selected horizon,"exploratory association; selected horizons and outcomes use the same paired pilot scenarios, not causal proof"
158,20,HIPC,ideal,12,1,total_messages,Total messages,25,299.28,247.84,51.44,43,20.755326016785,NaN,33.759,70.041,13.3670132093243,28.9533209062741,0.000101053333470501,0.000303160000411502,0.889230769230769,pilot/exploratory paired effort-selected minus makespan-selected contrast,higher communication traffic under the effort-selected horizon,"exploratory association; selected horizons and outcomes use the same paired pilot scenarios, not causal proof"
149,20,HIPC,ideal,12,1,total_team_steps,Total team steps,25,80.24,102.64,-22.4,-20,-21.8238503507405,NaN,-27.16,-17.919,-25.6525960349148,-17.9145486336434,1.22680566332326e-05,3.68041698996977e-05,-1,pilot/exploratory paired effort-selected minus makespan-selected contrast,lower total team movement under the effort-selected horizon,"exploratory association; selected horizons and outcomes use the same paired pilot scenarios, not causal proof"
187,20,PI,bernoulli_025,3,1,active_robot_count,Active robots completing at least one target,25,4,4,0,0,0,NaN,0,0,0,0,1,1,0,pilot/exploratory paired effort-selected minus makespan-selected contrast,unchanged active-robot count under the effort-selected horizon,"exploratory association; selected horizons and outcomes use the same paired pilot scenarios, not causal proof"
190,20,PI,bernoulli_025,3,1,allocation_messages,Allocation messages,25,104.88,32.72,72.16,72,220.537897310513,NaN,67.72,76.28,203.545798372743,237.307788944724,1.21131047097185e-05,3.63393141291554e-05,1,pilot/exploratory paired effort-selected minus makespan-selected contrast,higher communication traffic under the effort-selected horizon,"exploratory association; selected horizons and outcomes use the same paired pilot scenarios, not causal proof"
192,20,PI,bernoulli_025,3,1,allocator_time_ms,Allocator computation time (ms),25,120.261316,53.935076,66.32624,65.2984,122.974221821807,NaN,55.4003834,77.773893,100.981948952053,145.607894717926,1.22903222102484e-05,3.68709666307453e-05,1,pilot/exploratory paired effort-selected minus makespan-selected contrast,higher allocator computation time under the effort-selected horizon,"exploratory association; selected horizons and outcomes use the same paired pilot scenarios, not causal proof"
189,20,PI,bernoulli_025,3,1,max_individual_steps,Maximum individual movement workload (steps),25,39.36,38,1.36,-1,3.57894736842106,NaN,-3.4,6.32,-8.50708800489105,17.4517069823297,0.756781579214464,1,0.0707692307692308,pilot/exploratory paired effort-selected minus makespan-selected contrast,higher maximum individual workload under the effort-selected horizon,"exploratory association; selected horizons and outcomes use the same paired pilot scenarios, not causal proof"
183,20,PI,bernoulli_025,3,1,max_robot_steps,Makespan (maximum robot steps),25,39.36,38,1.36,-1,3.57894736842106,3.57894736842106,-3.36,6.28,-8.4105778648384,17.2748388085679,0.756781579214464,1,0.0707692307692308,pilot/exploratory paired effort-selected minus makespan-selected contrast,higher makespan under the effort-selected horizon,"exploratory association; selected horizons and outcomes use the same paired pilot scenarios, not causal proof"
188,20,PI,bernoulli_025,3,1,max_target_workload,Maximum target workload on one robot,25,7.44,7.4,0.04,0,0.540540540540535,NaN,-0.52,0.56,-6.59982647881487,7.86516853932584,1,1,-0.00833333333333333,pilot/exploratory paired effort-selected minus makespan-selected contrast,higher maximum individual workload under the effort-selected horizon,"exploratory association; selected horizons and outcomes use the same paired pilot scenarios, not causal proof"
186,20,PI,bernoulli_025,3,1,movement_workload_gini,Movement-workload Gini,25,0.0695407702139766,0.0749689058172718,-0.0054281356032952,-0.00935960591133012,-7.24051597675132,NaN,-0.0236810436343247,0.0126168522873518,-27.6051141643405,19.3114786288144,0.475825237013745,0.95165047402749,-0.163076923076923,pilot/exploratory paired effort-selected minus makespan-selected contrast,lower workload imbalance under the effort-selected horizon,"exploratory association; selected horizons and outcomes use the same paired pilot scenarios, not causal proof"
185,20,PI,bernoulli_025,3,1,target_workload_gini,Target-workload Gini,25,0.201,0.208,-0.00699999999999997,-0.0249999999999999,-3.36538461538458,NaN,-0.044,0.0290249999999997,-19.0481234866828,16.184971098266,0.86090028237146,1,-0.04,pilot/exploratory paired effort-selected minus makespan-selected contrast,lower workload imbalance under the effort-selected horizon,"exploratory association; selected horizons and outcomes use the same paired pilot scenarios, not causal proof"
191,20,PI,bernoulli_025,3,1,total_messages,Total messages,25,404.4,334.8,69.6,66,20.7885304659498,NaN,33.6,106.961,9.60988362967594,33.5956376535167,0.00257842013012844,0.00515684026025687,0.689230769230769,pilot/exploratory paired effort-selected minus makespan-selected contrast,higher communication traffic under the effort-selected horizon,"exploratory association; selected horizons and outcomes use the same paired pilot scenarios, not causal proof"
182,20,PI,bernoulli_025,3,1,total_team_steps,Total team steps,25,146.04,147.52,-1.48,-9,-1.00325379609546,NaN,-18.16,15.56,-11.6801348314607,11.1601048413332,0.753255322674304,1,-0.0733333333333333,pilot/exploratory paired effort-selected minus makespan-selected contrast,lower total team movement under the effort-selected horizon,"exploratory association; selected horizons and outcomes use the same paired pilot scenarios, not causal proof"
176,20,PI,ideal,3,1,active_robot_count,Active robots completing at least one target,25,4,4,0,0,0,NaN,0,0,0,0,1,1,0,pilot/exploratory paired effort-selected minus makespan-selected contrast,unchanged active-robot count under the effort-selected horizon,"exploratory association; selected horizons and outcomes use the same paired pilot scenarios, not causal proof"
179,20,PI,ideal,3,1,allocation_messages,Allocation messages,25,71.8,27.6,44.2,42,160.144927536232,NaN,41.32,47.16,149.430158730159,171.06037385323,1.21241201991596e-05,3.63723605974787e-05,1,pilot/exploratory paired effort-selected minus makespan-selected contrast,higher communication traffic under the effort-selected horizon,"exploratory association; selected horizons and outcomes use the same paired pilot scenarios, not causal proof"
181,20,PI,ideal,3,1,allocator_time_ms,Allocator computation time (ms),25,164.336624,63.03614,101.300484,100.8369,160.702232084642,NaN,87.3635795,114.6475881,125.585530652402,193.632823413356,1.389801409379e-05,3.68709666307453e-05,0.993846153846154,pilot/exploratory paired effort-selected minus makespan-selected contrast,higher allocator computation time under the effort-selected horizon,"exploratory association; selected horizons and outcomes use the same paired pilot scenarios, not causal proof"
178,20,PI,ideal,3,1,max_individual_steps,Maximum individual movement workload (steps),25,32.88,29.44,3.44,4,11.6847826086957,NaN,0.8,5.68,2.5989697184004,19.7501803284568,0.00311412714996228,0.00622825429992455,0.752380952380952,pilot/exploratory paired effort-selected minus makespan-selected contrast,higher maximum individual workload under the effort-selected horizon,"exploratory association; selected horizons and outcomes use the same paired pilot scenarios, not causal proof"
172,20,PI,ideal,3,1,max_robot_steps,Makespan (maximum robot steps),25,32.88,29.44,3.44,4,11.6847826086957,11.6847826086957,0.88,5.72,2.84226377540331,19.858181000899,0.00311412714996228,0.00622825429992455,0.752380952380952,pilot/exploratory paired effort-selected minus makespan-selected contrast,higher makespan under the effort-selected horizon,"exploratory association; selected horizons and outcomes use the same paired pilot scenarios, not causal proof"
177,20,PI,ideal,3,1,max_target_workload,Maximum target workload on one robot,25,6.6,6.88,-0.28,0,-4.06976744186047,NaN,-0.64,0.08,-9.30232558139534,1.23456790123455,0.2398681640625,0.479736328125,-0.380952380952381,pilot/exploratory paired effort-selected minus makespan-selected contrast,lower maximum individual workload under the effort-selected horizon,"exploratory association; selected horizons and outcomes use the same paired pilot scenarios, not causal proof"
175,20,PI,ideal,3,1,movement_workload_gini,Movement-workload Gini,25,0.114472085988446,0.0376296207208057,0.0768424652676399,0.0686972820993441,204.207387147947,NaN,0.0615495657917917,0.0934430722428469,148.312455490779,273.192805138929,1.22903222102484e-05,3.68709666307453e-05,1,pilot/exploratory paired effort-selected minus makespan-selected contrast,higher workload imbalance under the effort-selected horizon,"exploratory association; selected horizons and outcomes use the same paired pilot scenarios, not causal proof"
174,20,PI,ideal,3,1,target_workload_gini,Target-workload Gini,25,0.136,0.154,-0.018,0,-11.6883116883117,NaN,-0.042,0.00600000000000001,-26.3165773715726,4.28571428571427,0.181212366747809,0.362424733495619,-0.35672514619883,pilot/exploratory paired effort-selected minus makespan-selected contrast,lower workload imbalance under the effort-selected horizon,"exploratory association; selected horizons and outcomes use the same paired pilot scenarios, not causal proof"
180,20,PI,ideal,3,1,total_messages,Total messages,25,280,251.68,28.32,29,11.2523839796567,NaN,18.84,37.16,7.33281016607512,15.0489718027031,0.000106188283785444,0.000303160000411502,0.886153846153846,pilot/exploratory paired effort-selected minus makespan-selected contrast,higher communication traffic under the effort-selected horizon,"exploratory association; selected horizons and outcomes use the same paired pilot scenarios, not causal proof"
171,20,PI,ideal,3,1,total_team_steps,Total team steps,25,100.32,108.28,-7.96,-7,-7.35131141485039,NaN,-12.04,-3.88,-10.8814356819571,-3.63901720090747,0.00174610780041871,0.00349221560083743,-0.73,pilot/exploratory paired effort-selected minus makespan-selected contrast,lower total team movement under the effort-selected horizon,"exploratory association; selected horizons and outcomes use the same paired pilot scenarios, not causal proof"
