transfer_row_id,target_count,algorithm,comm_label,effort_selected_horizon,makespan_selected_horizon,metric,metric_display,paired_n,effort_selected_mean,makespan_selected_mean,mean_paired_difference_effort_minus_makespan,median_paired_difference_effort_minus_makespan,percent_change_effort_vs_makespan,makespan_penalty_pct,paired_bootstrap_difference_ci95_lower,paired_bootstrap_difference_ci95_upper,paired_bootstrap_percent_change_ci95_lower,paired_bootstrap_percent_change_ci95_upper,wilcoxon_raw_p_value,holm_p_value,rank_biserial_effort_minus_makespan,scope
17,5,ACBBA,bernoulli_025,5,1,active_robot_count,Active robots completing at least one target,25,3.08,2.92,0.16,0,5.47945205479452,NaN,-0.16,0.52,-5.40540540540541,18.8405797101449,0.3809814453125,1,0.257142857142857,pilot/exploratory paired effort-selected minus makespan-selected contrast
20,5,ACBBA,bernoulli_025,5,1,allocation_messages,Allocation messages,25,116.16,65.56,50.6,48,77.1812080536913,NaN,41.2,60.001,62.6578283714297,91.9978561143269,1.36999531394729e-05,6.11181142129283e-05,0.993846153846154,pilot/exploratory paired effort-selected minus makespan-selected contrast
22,5,ACBBA,bernoulli_025,5,1,allocator_time_ms,Allocator computation time (ms),25,31.387408,11.659012,19.728396,17.4304,169.211559264198,NaN,14.4410924,25.2489573,107.706305931072,248.466873159142,1.77348399029039e-05,6.14516110512422e-05,0.981538461538462,pilot/exploratory paired effort-selected minus makespan-selected contrast
14,5,ACBBA,bernoulli_025,5,1,final_completion_time,Final simulated mission-completion time (s),25,44.5520546595908,35.156262775236,9.39579188435476,8.41596304958435,26.7257983148685,NaN,4.43156453477785,14.4815163083834,12.0698069058965,42.3580105976332,0.00269872675230704,0.00809618025692111,0.686153846153846,pilot/exploratory paired effort-selected minus makespan-selected contrast
19,5,ACBBA,bernoulli_025,5,1,max_individual_steps,Maximum individual movement workload (steps),25,24.6,21,3.6,2,17.1428571428571,NaN,1.08,6.28,5.00894454382828,30.7385423705119,0.0107719289959123,0.0323157869877369,0.663157894736842,pilot/exploratory paired effort-selected minus makespan-selected contrast
13,5,ACBBA,bernoulli_025,5,1,max_robot_steps,Makespan (maximum robot steps),25,24.6,21,3.6,2,17.1428571428571,17.1428571428571,1.08,6.28,4.86881263285757,30.8448954024251,0.0107719289959123,0.0323157869877369,0.663157894736842,pilot/exploratory paired effort-selected minus makespan-selected contrast
18,5,ACBBA,bernoulli_025,5,1,max_target_workload,Maximum target workload on one robot,25,2.64,2.56,0.08,0,3.125,NaN,-0.28,0.44,-10.4477611940299,18.3333333333333,0.673578401984493,1,0.110294117647059,pilot/exploratory paired effort-selected minus makespan-selected contrast
16,5,ACBBA,bernoulli_025,5,1,movement_workload_gini,Movement-workload Gini,25,0.217789378486266,0.118629633287878,0.0991597451983884,0.0739822100581593,83.5876689914048,NaN,0.0547977786603332,0.144234802977847,42.5698814041202,136.155001669816,0.000890537644222049,0.00267161293266615,0.76,pilot/exploratory paired effort-selected minus makespan-selected contrast
15,5,ACBBA,bernoulli_025,5,1,target_workload_gini,Target-workload Gini,25,0.382,0.398,-0.016,0,-4.02010050251257,NaN,-0.104,0.0679999999999999,-23.5807860262008,18.4063237376121,0.671341666786528,1,-0.110526315789474,pilot/exploratory paired effort-selected minus makespan-selected contrast
21,5,ACBBA,bernoulli_025,5,1,total_messages,Total messages,25,254.84,212.56,42.28,50,19.8908543470079,NaN,25.879,58.08,12.1927618839198,27.4120171855692,0.00025253907099152,0.00101015628396608,0.836923076923077,pilot/exploratory paired effort-selected minus makespan-selected contrast
12,5,ACBBA,bernoulli_025,5,1,total_team_steps,Total team steps,25,64.88,69.84,-4.96,0,-7.10194730813288,NaN,-10.56,0.440999999999985,-14.852664173239,0.659616808730953,0.157107183245322,0.471321549735965,-0.33695652173913,pilot/exploratory paired effort-selected minus makespan-selected contrast
6,5,ACBBA,ideal,5,1,active_robot_count,Active robots completing at least one target,25,2.44,3,-0.56,-1,-18.6666666666667,NaN,-0.88,-0.24,-29.1666666666667,-8.33333333333333,0.00482177734375,0.01446533203125,-0.783333333333333,pilot/exploratory paired effort-selected minus makespan-selected contrast
9,5,ACBBA,ideal,5,1,allocation_messages,Allocation messages,25,95.48,71.8,23.68,19,32.9805013927577,NaN,7.84,40.64,10.5344506298061,59.0433126132004,0.0143132232127623,0.0572528928510492,0.56,pilot/exploratory paired effort-selected minus makespan-selected contrast
11,5,ACBBA,ideal,5,1,allocator_time_ms,Allocator computation time (ms),25,51.802596,21.197772,30.604824,31.083,144.377550621829,NaN,22.865827,38.3750215,97.487791479616,202.058888318791,2.25681906280537e-05,6.77045718841611e-05,0.969230769230769,pilot/exploratory paired effort-selected minus makespan-selected contrast
3,5,ACBBA,ideal,5,1,final_completion_time,Final simulated mission-completion time (s),25,46.6270219452827,33.2873478791454,13.3396740661374,14.1401842759237,40.0743072550238,NaN,9.79136403076361,16.8256898997455,29.3643512597845,51.1991450804671,2.86392873931145e-05,0.000143196436965573,0.956923076923077,pilot/exploratory paired effort-selected minus makespan-selected contrast
8,5,ACBBA,ideal,5,1,max_individual_steps,Maximum individual movement workload (steps),25,27.08,20,7.08,6,35.4,NaN,5.08,9.08,25.3409356725146,46.1232604373757,4.73367264243447e-05,0.000236683632121724,0.967391304347826,pilot/exploratory paired effort-selected minus makespan-selected contrast
2,5,ACBBA,ideal,5,1,max_robot_steps,Makespan (maximum robot steps),25,27.08,20,7.08,6,35.4,35.4,5.04,9.08,25.1923076923077,46.0581541556645,4.73367264243447e-05,0.000236683632121724,0.967391304347826,pilot/exploratory paired effort-selected minus makespan-selected contrast
7,5,ACBBA,ideal,5,1,max_target_workload,Maximum target workload on one robot,25,3.32,2.44,0.88,1,36.0655737704918,NaN,0.48,1.28,19.3548387096774,55.1724137931035,0.000856858204342573,0.00342743281737029,0.911764705882353,pilot/exploratory paired effort-selected minus makespan-selected contrast
5,5,ACBBA,ideal,5,1,movement_workload_gini,Movement-workload Gini,25,0.42135085428973,0.143219549997225,0.278131304292505,0.265222984562607,194.199258619298,NaN,0.213223821697477,0.344657299060795,132.364236383557,284.231418455789,1.77348399029039e-05,6.14516110512422e-05,0.981538461538462,pilot/exploratory paired effort-selected minus makespan-selected contrast
4,5,ACBBA,ideal,5,1,target_workload_gini,Target-workload Gini,25,0.51,0.378,0.132,0.1,34.9206349206349,NaN,0.0679999999999999,0.196,17.258883248731,54.1436464088398,0.00359499947615255,0.0107849984284576,0.777777777777778,pilot/exploratory paired effort-selected minus makespan-selected contrast
10,5,ACBBA,ideal,5,1,total_messages,Total messages,25,190.68,197.16,-6.48,-11,-3.28667072428483,NaN,-32.24,18.84,-15.8583436805923,9.78680665669265,0.381816745365971,1,-0.2,pilot/exploratory paired effort-selected minus makespan-selected contrast
1,5,ACBBA,ideal,5,1,total_team_steps,Total team steps,25,43.76,58.84,-15.08,-11,-25.6288239292998,NaN,-20.84,-9.76,-33.5801057618857,-17.36728128856,8.48129108584761e-05,0.000254438732575428,-0.916666666666667,pilot/exploratory paired effort-selected minus makespan-selected contrast
39,5,DGA,bernoulli_025,1,1,active_robot_count,Active robots completing at least one target,25,3.16,3.16,0,0,0,NaN,0,0,0,0,1,1,0,pilot/exploratory paired effort-selected minus makespan-selected contrast
42,5,DGA,bernoulli_025,1,1,allocation_messages,Allocation messages,25,28.36,28.36,0,0,0,NaN,0,0,0,0,1,1,0,pilot/exploratory paired effort-selected minus makespan-selected contrast
44,5,DGA,bernoulli_025,1,1,allocator_time_ms,Allocator computation time (ms),25,10197.004892,10197.004892,0,0,0,NaN,0,0,0,0,1,1,0,pilot/exploratory paired effort-selected minus makespan-selected contrast
36,5,DGA,bernoulli_025,1,1,final_completion_time,Final simulated mission-completion time (s),25,30.2983741129219,30.2983741129219,0,0,0,NaN,0,0,0,0,1,1,0,pilot/exploratory paired effort-selected minus makespan-selected contrast
41,5,DGA,bernoulli_025,1,1,max_individual_steps,Maximum individual movement workload (steps),25,18.32,18.32,0,0,0,NaN,0,0,0,0,1,1,0,pilot/exploratory paired effort-selected minus makespan-selected contrast
35,5,DGA,bernoulli_025,1,1,max_robot_steps,Makespan (maximum robot steps),25,18.32,18.32,0,0,0,0,0,0,0,0,1,1,0,pilot/exploratory paired effort-selected minus makespan-selected contrast
40,5,DGA,bernoulli_025,1,1,max_target_workload,Maximum target workload on one robot,25,2.4,2.4,0,0,0,NaN,0,0,0,0,1,1,0,pilot/exploratory paired effort-selected minus makespan-selected contrast
38,5,DGA,bernoulli_025,1,1,movement_workload_gini,Movement-workload Gini,25,0.255712695092185,0.255712695092185,0,0,0,NaN,0,0,0,0,1,1,0,pilot/exploratory paired effort-selected minus makespan-selected contrast
37,5,DGA,bernoulli_025,1,1,target_workload_gini,Target-workload Gini,25,0.35,0.35,0,0,0,NaN,0,0,0,0,1,1,0,pilot/exploratory paired effort-selected minus makespan-selected contrast
43,5,DGA,bernoulli_025,1,1,total_messages,Total messages,25,127.56,127.56,0,0,0,NaN,0,0,0,0,1,1,0,pilot/exploratory paired effort-selected minus makespan-selected contrast
34,5,DGA,bernoulli_025,1,1,total_team_steps,Total team steps,25,46.28,46.28,0,0,0,NaN,0,0,0,0,1,1,0,pilot/exploratory paired effort-selected minus makespan-selected contrast
28,5,DGA,ideal,1,1,active_robot_count,Active robots completing at least one target,25,3.2,3.2,0,0,0,NaN,0,0,0,0,1,1,0,pilot/exploratory paired effort-selected minus makespan-selected contrast
31,5,DGA,ideal,1,1,allocation_messages,Allocation messages,25,25.28,25.28,0,0,0,NaN,0,0,0,0,1,1,0,pilot/exploratory paired effort-selected minus makespan-selected contrast
33,5,DGA,ideal,1,1,allocator_time_ms,Allocator computation time (ms),25,10557.811424,10557.811424,0,0,0,NaN,0,0,0,0,1,1,0,pilot/exploratory paired effort-selected minus makespan-selected contrast
25,5,DGA,ideal,1,1,final_completion_time,Final simulated mission-completion time (s),25,29.5565399116,29.5565399116,0,0,0,NaN,0,0,0,0,1,1,0,pilot/exploratory paired effort-selected minus makespan-selected contrast
30,5,DGA,ideal,1,1,max_individual_steps,Maximum individual movement workload (steps),25,17.92,17.92,0,0,0,NaN,0,0,0,0,1,1,0,pilot/exploratory paired effort-selected minus makespan-selected contrast
24,5,DGA,ideal,1,1,max_robot_steps,Makespan (maximum robot steps),25,17.92,17.92,0,0,0,0,0,0,0,0,1,1,0,pilot/exploratory paired effort-selected minus makespan-selected contrast
29,5,DGA,ideal,1,1,max_target_workload,Maximum target workload on one robot,25,2.4,2.4,0,0,0,NaN,0,0,0,0,1,1,0,pilot/exploratory paired effort-selected minus makespan-selected contrast
27,5,DGA,ideal,1,1,movement_workload_gini,Movement-workload Gini,25,0.286576463536174,0.286576463536174,0,0,0,NaN,0,0,0,0,1,1,0,pilot/exploratory paired effort-selected minus makespan-selected contrast
26,5,DGA,ideal,1,1,target_workload_gini,Target-workload Gini,25,0.338,0.338,0,0,0,NaN,0,0,0,0,1,1,0,pilot/exploratory paired effort-selected minus makespan-selected contrast
32,5,DGA,ideal,1,1,total_messages,Total messages,25,118.84,118.84,0,0,0,NaN,0,0,0,0,1,1,0,pilot/exploratory paired effort-selected minus makespan-selected contrast
23,5,DGA,ideal,1,1,total_team_steps,Total team steps,25,43.56,43.56,0,0,0,NaN,0,0,0,0,1,1,0,pilot/exploratory paired effort-selected minus makespan-selected contrast
61,5,DMCHBA,bernoulli_025,1,5,active_robot_count,Active robots completing at least one target,25,3.32,3.24,0.08,0,2.46913580246912,NaN,-0.08,0.24,-2.35294117647059,7.69230769230769,0.625,1,0.5,pilot/exploratory paired effort-selected minus makespan-selected contrast
64,5,DMCHBA,bernoulli_025,1,5,allocation_messages,Allocation messages,25,0,0,0,0,NaN,NaN,0,0,NaN,NaN,1,1,0,pilot/exploratory paired effort-selected minus makespan-selected contrast
66,5,DMCHBA,bernoulli_025,1,5,allocator_time_ms,Allocator computation time (ms),25,21.476212,20.196472,1.27974,0.0822000000000003,6.33645321816603,NaN,-2.1258566,4.869498,-9.74525997496287,26.4351779800024,0.637732890050189,1,0.107692307692308,pilot/exploratory paired effort-selected minus makespan-selected contrast
58,5,DMCHBA,bernoulli_025,1,5,final_completion_time,Final simulated mission-completion time (s),25,32.0638349117977,32.1872660628709,-0.123431151073178,0,-0.383478207910193,NaN,-1.04371866377123,0.761275946682335,-3.21376178430095,2.40628011407461,0.497314453125,0.99462890625,-0.230769230769231,pilot/exploratory paired effort-selected minus makespan-selected contrast
63,5,DMCHBA,bernoulli_025,1,5,max_individual_steps,Maximum individual movement workload (steps),25,19.24,19.32,-0.08,0,-0.414078674948248,NaN,-0.64,0.44,-3.34645669291338,2.3904598995323,0.875,1,-0.133333333333333,pilot/exploratory paired effort-selected minus makespan-selected contrast
57,5,DMCHBA,bernoulli_025,1,5,max_robot_steps,Makespan (maximum robot steps),25,19.24,19.32,-0.08,0,-0.414078674948248,-0.414078674948248,-0.68,0.44,-3.41151385927506,2.34042553191489,0.875,1,-0.133333333333333,pilot/exploratory paired effort-selected minus makespan-selected contrast
62,5,DMCHBA,bernoulli_025,1,5,max_target_workload,Maximum target workload on one robot,25,2.2,2.16,0.04,0,1.85185185185186,NaN,-0.08,0.16,-3.70370370370371,8.00000000000001,1,1,0.333333333333333,pilot/exploratory paired effort-selected minus makespan-selected contrast
60,5,DMCHBA,bernoulli_025,1,5,movement_workload_gini,Movement-workload Gini,25,0.120500629580951,0.120285396630187,0.000215232950763697,0,0.1789352297066,NaN,-0.0196962735444622,0.0205136013345146,-15.5433062249212,19.0334685678287,0.541748046875,1,-0.208791208791209,pilot/exploratory paired effort-selected minus makespan-selected contrast
59,5,DMCHBA,bernoulli_025,1,5,target_workload_gini,Target-workload Gini,25,0.302,0.31,-0.00800000000000002,0,-2.58064516129031,NaN,-0.036,0.02,-10.7784431137724,6.45161290322582,0.5,1,-0.380952380952381,pilot/exploratory paired effort-selected minus makespan-selected contrast
65,5,DMCHBA,bernoulli_025,1,5,total_messages,Total messages,25,129.92,131,-1.08,0,-0.824427480916035,NaN,-7.08,4.6,-5.28826661104004,3.58427130168884,0.85302734375,1,-0.0659340659340659,pilot/exploratory paired effort-selected minus makespan-selected contrast
56,5,DMCHBA,bernoulli_025,1,5,total_team_steps,Total team steps,25,61.56,62,-0.44,0,-0.709677419354837,NaN,-3.48,2.36,-5.54525379076865,3.94741481701433,0.934326171875,1,-0.032967032967033,pilot/exploratory paired effort-selected minus makespan-selected contrast
50,5,DMCHBA,ideal,1,5,active_robot_count,Active robots completing at least one target,25,3.32,3.36,-0.04,0,-1.19047619047619,NaN,-0.2,0.12,-6.09756097560975,3.79746835443038,1,1,-0.2,pilot/exploratory paired effort-selected minus makespan-selected contrast
53,5,DMCHBA,ideal,1,5,allocation_messages,Allocation messages,25,0,0,0,0,NaN,NaN,0,0,NaN,NaN,1,1,0,pilot/exploratory paired effort-selected minus makespan-selected contrast
55,5,DMCHBA,ideal,1,5,allocator_time_ms,Allocator computation time (ms),25,23.931824,21.531372,2.400452,1.1028,11.1486253639574,NaN,-0.4139795,5.3125079,-1.74266675280905,27.3076433689252,0.115474887760127,0.230949775520254,0.36,pilot/exploratory paired effort-selected minus makespan-selected contrast
47,5,DMCHBA,ideal,1,5,final_completion_time,Final simulated mission-completion time (s),25,31.3305347713968,30.8372402615278,0.493294509869042,0,1.59967138980486,NaN,-0.598861035553819,1.61920711744599,-1.95215411895909,5.2682873480981,0.5703125,1,0.244444444444444,pilot/exploratory paired effort-selected minus makespan-selected contrast
52,5,DMCHBA,ideal,1,5,max_individual_steps,Maximum individual movement workload (steps),25,18.96,18.68,0.28,0,1.49892933618845,NaN,-0.32,0.92,-1.71673819742489,4.84994543027256,0.53125,1,0.380952380952381,pilot/exploratory paired effort-selected minus makespan-selected contrast
46,5,DMCHBA,ideal,1,5,max_robot_steps,Makespan (maximum robot steps),25,18.96,18.68,0.28,0,1.49892933618845,1.49892933618845,-0.32,0.92,-1.77383592017738,4.88334608948331,0.53125,1,0.380952380952381,pilot/exploratory paired effort-selected minus makespan-selected contrast
51,5,DMCHBA,ideal,1,5,max_target_workload,Maximum target workload on one robot,25,2.2,2.16,0.04,0,1.85185185185186,NaN,-0.08,0.16,-3.77358490566038,7.84313725490198,1,1,0.333333333333333,pilot/exploratory paired effort-selected minus makespan-selected contrast
49,5,DMCHBA,ideal,1,5,movement_workload_gini,Movement-workload Gini,25,0.144037496576337,0.133322906965923,0.0107145896104143,0,8.03657064959804,NaN,-0.00628159742883331,0.0316465557469825,-4.58659235395648,25.4271980624139,0.42578125,0.8515625,0.333333333333333,pilot/exploratory paired effort-selected minus makespan-selected contrast
48,5,DMCHBA,ideal,1,5,target_workload_gini,Target-workload Gini,25,0.298,0.286,0.012,0,4.19580419580419,NaN,-0.024,0.048,-7.74193548387098,18.1818181818182,0.625,1,0.285714285714286,pilot/exploratory paired effort-selected minus makespan-selected contrast
54,5,DMCHBA,ideal,1,5,total_messages,Total messages,25,121.36,121.6,-0.24,0,-0.197368421052624,NaN,-3.56,3.04,-2.92892138971698,2.47797773609849,0.984375,1,0.0222222222222222,pilot/exploratory paired effort-selected minus makespan-selected contrast
45,5,DMCHBA,ideal,1,5,total_team_steps,Total team steps,25,57.28,57.4,-0.12,0,-0.209059233449471,NaN,-1.88,1.56,-3.26241291435372,2.68756637568518,1,1,0,pilot/exploratory paired effort-selected minus makespan-selected contrast
83,5,HIPC,bernoulli_025,5,1,active_robot_count,Active robots completing at least one target,25,1.96,3.08,-1.12,-1,-36.3636363636364,NaN,-1.44,-0.8,-45.1219512195122,-27.1600529100529,8.33707660426399e-05,0.0004168538302132,-1,pilot/exploratory paired effort-selected minus makespan-selected contrast
86,5,HIPC,bernoulli_025,5,1,allocation_messages,Allocation messages,25,21.52,12.72,8.8,7,69.1823899371069,NaN,6,12.16,45.179992698065,98.9908008658008,3.19569658490901e-05,9.58708975472704e-05,0.97,pilot/exploratory paired effort-selected minus makespan-selected contrast
88,5,HIPC,bernoulli_025,5,1,allocator_time_ms,Allocator computation time (ms),25,73.06194,20.799752,52.262188,43.3041,251.263515064987,NaN,39.6443218,65.8370503,168.89615611983,369.728855727793,1.389801409379e-05,6.14516110512422e-05,0.993846153846154,pilot/exploratory paired effort-selected minus makespan-selected contrast
80,5,HIPC,bernoulli_025,5,1,final_completion_time,Final simulated mission-completion time (s),25,46.6995497758105,34.0906937609371,12.6088560148734,11.2998642639241,36.9862112613306,NaN,8.4339773321532,16.8645775458048,24.5876922427673,49.8879276195579,5.13293228060011e-05,0.000256646614030006,0.926153846153846,pilot/exploratory paired effort-selected minus makespan-selected contrast
85,5,HIPC,bernoulli_025,5,1,max_individual_steps,Maximum individual movement workload (steps),25,27.4,20.56,6.84,6,33.2684824902724,NaN,4.48,9.32,21.8503937007874,45.3186617409172,0.000111573295848195,0.000557866479240975,0.961038961038961,pilot/exploratory paired effort-selected minus makespan-selected contrast
79,5,HIPC,bernoulli_025,5,1,max_robot_steps,Makespan (maximum robot steps),25,27.4,20.56,6.84,6,33.2684824902724,33.2684824902724,4.52,9.28,21.9366670584951,45.2474976281707,0.000111573295848195,0.000557866479240975,0.961038961038961,pilot/exploratory paired effort-selected minus makespan-selected contrast
84,5,HIPC,bernoulli_025,5,1,max_target_workload,Maximum target workload on one robot,25,3.84,2.52,1.32,1,52.3809523809524,NaN,0.96,1.68,36.7647058823529,71.1924939467312,3.53064006470272e-05,0.000176532003235136,1,pilot/exploratory paired effort-selected minus makespan-selected contrast
82,5,HIPC,bernoulli_025,5,1,movement_workload_gini,Movement-workload Gini,25,0.535260388462849,0.159573567107554,0.375686821355295,0.412835249042146,235.43173732657,NaN,0.313786846715625,0.435456837341018,162.48716231342,345.61119346511,1.389801409379e-05,6.14516110512422e-05,0.993846153846154,pilot/exploratory paired effort-selected minus makespan-selected contrast
81,5,HIPC,bernoulli_025,5,1,target_workload_gini,Target-workload Gini,25,0.614,0.37,0.244,0.2,65.945945945946,NaN,0.184,0.308,43.9024390243903,95.7055214723927,5.4680201871727e-05,0.000273401009358635,1,pilot/exploratory paired effort-selected minus makespan-selected contrast
87,5,HIPC,bernoulli_025,5,1,total_messages,Total messages,25,102.88,140.96,-38.08,-38,-27.0147559591374,NaN,-50.481,-26.04,-34.0045704604902,-19.5215982394464,8.01120306582111e-05,0.000400560153291056,-0.92,pilot/exploratory paired effort-selected minus makespan-selected contrast
78,5,HIPC,bernoulli_025,5,1,total_team_steps,Total team steps,25,37.72,60.44,-22.72,-22,-37.5909993381866,NaN,-28.08,-17.32,-43.6123548988713,-30.6755455526854,2.10902575153037e-05,0.000105451287576518,-0.972307692307692,pilot/exploratory paired effort-selected minus makespan-selected contrast
72,5,HIPC,ideal,5,1,active_robot_count,Active robots completing at least one target,25,1.76,3.12,-1.36,-1,-43.5897435897436,NaN,-1.72,-1,-53.1645569620253,-33.3333333333333,6.5258016120741e-05,0.000326290080603705,-1,pilot/exploratory paired effort-selected minus makespan-selected contrast
75,5,HIPC,ideal,5,1,allocation_messages,Allocation messages,25,18.08,15,3.08,5,20.5333333333333,NaN,-0.16,5.96,-0.945682498067293,47.1129944049716,0.0420488543363713,0.126146563009114,0.464615384615385,pilot/exploratory paired effort-selected minus makespan-selected contrast
77,5,HIPC,ideal,5,1,allocator_time_ms,Allocator computation time (ms),25,84.886728,25.162456,59.724272,49.088,237.354700193018,NaN,45.7903183,74.5904919,165.258845991563,333.829760017401,1.22903222102484e-05,6.14516110512422e-05,1,pilot/exploratory paired effort-selected minus makespan-selected contrast
69,5,HIPC,ideal,5,1,final_completion_time,Final simulated mission-completion time (s),25,48.3033388765933,33.1109886093548,15.1923502672385,11.2417959475033,45.8831068032388,NaN,10.414089602178,20.2794814700354,31.0155593765737,62.535091335482,3.22287733545754e-05,0.000143196436965573,0.950769230769231,pilot/exploratory paired effort-selected minus makespan-selected contrast
74,5,HIPC,ideal,5,1,max_individual_steps,Maximum individual movement workload (steps),25,28.52,19.92,8.6,6,43.1726907630522,NaN,5.96,11.52,29.4692823761472,58.9179188252023,6.34487033751588e-05,0.000253794813500635,0.972332015810277,pilot/exploratory paired effort-selected minus makespan-selected contrast
68,5,HIPC,ideal,5,1,max_robot_steps,Makespan (maximum robot steps),25,28.52,19.92,8.6,6,43.1726907630522,43.1726907630522,5.88,11.48,29.1826739956833,58.5839020250757,6.34487033751588e-05,0.000253794813500635,0.972332015810277,pilot/exploratory paired effort-selected minus makespan-selected contrast
73,5,HIPC,ideal,5,1,max_target_workload,Maximum target workload on one robot,25,4.08,2.44,1.64,1,67.2131147540984,NaN,1.24,2.04,49.2063492063492,87.7192982456141,2.99690234341876e-05,0.000149845117170938,1,pilot/exploratory paired effort-selected minus makespan-selected contrast
71,5,HIPC,ideal,5,1,movement_workload_gini,Movement-workload Gini,25,0.584477844214635,0.179249588029739,0.405228256184896,0.427397260273973,226.069281742319,NaN,0.345122129820078,0.462703007594321,163.983637010943,312.468538675271,1.22903222102484e-05,6.14516110512422e-05,1,pilot/exploratory paired effort-selected minus makespan-selected contrast
70,5,HIPC,ideal,5,1,target_workload_gini,Target-workload Gini,25,0.638,0.358,0.28,0.2,78.2122905027933,NaN,0.212,0.348,54.1861034754919,109.433962264151,2.49133488101692e-05,0.000124566744050846,1,pilot/exploratory paired effort-selected minus makespan-selected contrast
76,5,HIPC,ideal,5,1,total_messages,Total messages,25,90.84,132.64,-41.8,-31,-31.5138721351025,NaN,-54.2,-30.48,-37.6218131745203,-24.9400682554658,1.22680566332326e-05,6.13402831661628e-05,-1,pilot/exploratory paired effort-selected minus makespan-selected contrast
67,5,HIPC,ideal,5,1,total_team_steps,Total team steps,25,33.72,55.08,-21.36,-17,-38.7799564270153,NaN,-26.76,-16.56,-44.607395267848,-32.7404871343083,1.2190382556706e-05,6.09519127835299e-05,-1,pilot/exploratory paired effort-selected minus makespan-selected contrast
105,5,PI,bernoulli_025,3,1,active_robot_count,Active robots completing at least one target,25,2.88,3.2,-0.32,0,-10,NaN,-0.68,0,-20,0,0.102294921875,0.4091796875,-0.516483516483517,pilot/exploratory paired effort-selected minus makespan-selected contrast
108,5,PI,bernoulli_025,3,1,allocation_messages,Allocation messages,25,34.92,14.84,20.08,19,135.309973045822,NaN,16.72,23.64,107.864617757215,166.025815217391,1.22236228425857e-05,6.11181142129283e-05,1,pilot/exploratory paired effort-selected minus makespan-selected contrast
110,5,PI,bernoulli_025,3,1,allocator_time_ms,Allocator computation time (ms),25,75.844896,22.228352,53.616544,45.3716,241.20791320922,NaN,40.3844172,67.7195325,163.980351190154,345.82127624633,1.22903222102484e-05,6.14516110512422e-05,1,pilot/exploratory paired effort-selected minus makespan-selected contrast
102,5,PI,bernoulli_025,3,1,final_completion_time,Final simulated mission-completion time (s),25,46.3068945828369,35.7514240313934,10.5554705514435,7.34222962435966,29.5246156969152,NaN,5.3389037459503,16.1090579436239,14.7031189272979,45.39565682933,0.000980382670179016,0.00392153068071606,0.753846153846154,pilot/exploratory paired effort-selected minus makespan-selected contrast
107,5,PI,bernoulli_025,3,1,max_individual_steps,Maximum individual movement workload (steps),25,26.92,21.4,5.52,4,25.7943925233645,NaN,2.72,8.36099999999998,12.5230119020164,39.7790559341856,0.00161998339033946,0.00647993356135783,0.766798418972332,pilot/exploratory paired effort-selected minus makespan-selected contrast
101,5,PI,bernoulli_025,3,1,max_robot_steps,Makespan (maximum robot steps),25,26.92,21.4,5.52,4,25.7943925233645,25.7943925233645,2.64,8.40099999999999,12.186148474388,39.921795821494,0.00161998339033946,0.00647993356135783,0.766798418972332,pilot/exploratory paired effort-selected minus makespan-selected contrast
106,5,PI,bernoulli_025,3,1,max_target_workload,Maximum target workload on one robot,25,2.72,2.36,0.36,0,15.2542372881356,NaN,0.08,0.64,3.125,29.0909090909091,0.0478515625,0.19140625,0.6,pilot/exploratory paired effort-selected minus makespan-selected contrast
104,5,PI,bernoulli_025,3,1,movement_workload_gini,Movement-workload Gini,25,0.265486459886588,0.0869240918134838,0.178562368073104,0.171045503791983,205.423334713985,NaN,0.147900028847728,0.210594142428089,149.742515319338,289.552757961575,1.22903222102484e-05,6.14516110512422e-05,1,pilot/exploratory paired effort-selected minus makespan-selected contrast
103,5,PI,bernoulli_025,3,1,target_workload_gini,Target-workload Gini,25,0.418,0.334,0.084,0.0999999999999999,25.1497005988024,NaN,0.00799999999999998,0.16,2.13847155023624,55.4838709677419,0.0710067189044059,0.284026875617624,0.496732026143791,pilot/exploratory paired effort-selected minus makespan-selected contrast
109,5,PI,bernoulli_025,3,1,total_messages,Total messages,25,172.2,172.52,-0.32,-3,-0.185485740783686,NaN,-15.762,14.521,-8.93384309508563,8.55738683961289,1,1,0,pilot/exploratory paired effort-selected minus makespan-selected contrast
100,5,PI,bernoulli_025,3,1,total_team_steps,Total team steps,25,64.64,75.56,-10.92,-10,-14.4520910534674,NaN,-17.76,-4.52,-22.703012125903,-6.17204496977525,0.00579417759466924,0.023176710378677,-0.630769230769231,pilot/exploratory paired effort-selected minus makespan-selected contrast
94,5,PI,ideal,3,1,active_robot_count,Active robots completing at least one target,25,2.64,3.2,-0.56,0,-17.5,NaN,-0.88,-0.28,-25.8823529411765,-8.97435897435899,0.002685546875,0.0107421875,-0.879120879120879,pilot/exploratory paired effort-selected minus makespan-selected contrast
97,5,PI,ideal,3,1,allocation_messages,Allocation messages,25,24.04,16.64,7.4,5,44.4711538461538,NaN,4.76,10.12,26.3595486856543,66.7588561146002,0.000130713195535738,0.000653565977678689,0.873846153846154,pilot/exploratory paired effort-selected minus makespan-selected contrast
99,5,PI,ideal,3,1,allocator_time_ms,Allocator computation time (ms),25,107.83144,40.523692,67.307748,71.4347,166.094806958853,NaN,53.7646264,79.8416896,116.4439274084,224.191452342735,1.57051000197501e-05,6.28204000790002e-05,0.987692307692308,pilot/exploratory paired effort-selected minus makespan-selected contrast
91,5,PI,ideal,3,1,final_completion_time,Final simulated mission-completion time (s),25,44.3422139087419,32.4278665146545,11.9143473940874,13.1815122751424,36.741076964478,NaN,8.45447239743031,15.3777068162271,25.7672561582739,48.2376543899064,3.62430511828126e-05,0.000143196436965573,0.944615384615385,pilot/exploratory paired effort-selected minus makespan-selected contrast
96,5,PI,ideal,3,1,max_individual_steps,Maximum individual movement workload (steps),25,26.36,19.56,6.8,8,34.7648261758691,NaN,4.8,8.72,24.2771738515661,44.9394453876627,9.19484310623541e-05,0.000275845293187062,0.96969696969697,pilot/exploratory paired effort-selected minus makespan-selected contrast
90,5,PI,ideal,3,1,max_robot_steps,Makespan (maximum robot steps),25,26.36,19.56,6.8,8,34.7648261758691,34.7648261758691,4.8,8.72,24.3800361570248,44.8802993709662,9.19484310623541e-05,0.000275845293187062,0.96969696969697,pilot/exploratory paired effort-selected minus makespan-selected contrast
95,5,PI,ideal,3,1,max_target_workload,Maximum target workload on one robot,25,2.88,2.44,0.44,0,18.0327868852459,NaN,0.16,0.72,6.06060606060606,32.1428571428571,0.016357421875,0.049072265625,0.736263736263736,pilot/exploratory paired effort-selected minus makespan-selected contrast
93,5,PI,ideal,3,1,movement_workload_gini,Movement-workload Gini,25,0.442738065609801,0.162884985761178,0.279853079848623,0.313616071428571,171.81023686182,NaN,0.241241119997228,0.317927181396556,125.179841952421,235.873044688345,1.22903222102484e-05,6.14516110512422e-05,1,pilot/exploratory paired effort-selected minus makespan-selected contrast
92,5,PI,ideal,3,1,target_workload_gini,Target-workload Gini,25,0.47,0.346,0.124,0.0999999999999999,35.8381502890173,NaN,0.064,0.188,16.7596302904443,62.5850340136055,0.00121587296561887,0.00486349186247547,0.842105263157895,pilot/exploratory paired effort-selected minus makespan-selected contrast
98,5,PI,ideal,3,1,total_messages,Total messages,25,117.12,137.48,-20.36,-17,-14.8094268257201,NaN,-29.84,-11.559,-20.3811487623218,-8.90225117690368,0.000629152592010892,0.00251661036804357,-0.781538461538462,pilot/exploratory paired effort-selected minus makespan-selected contrast
89,5,PI,ideal,3,1,total_team_steps,Total team steps,25,43.12,56.84,-13.72,-11,-24.1379310344828,NaN,-17.92,-9.83900000000001,-29.6393578856546,-18.3686238241539,2.06453491699544e-05,8.25813966798176e-05,-0.993333333333333,pilot/exploratory paired effort-selected minus makespan-selected contrast
126,10,ACBBA,bernoulli_025,2,1,active_robot_count,Active robots completing at least one target,25,3.76,3.76,0,0,0,NaN,-0.24,0.24,-6.24999999999999,6.66666666666667,1,1,0,pilot/exploratory paired effort-selected minus makespan-selected contrast
129,10,ACBBA,bernoulli_025,2,1,allocation_messages,Allocation messages,25,149.96,109.88,40.08,34,36.4761558063342,NaN,30.68,50.72,27.2913582909553,47.0694663109712,1.22347191306097e-05,6.08965931989039e-05,1,pilot/exploratory paired effort-selected minus makespan-selected contrast
123,10,ACBBA,bernoulli_025,2,1,final_completion_time,Final simulated mission-completion time (s),25,44.0085462381676,42.6800738889241,1.32847234924345,-0.264368520759405,3.11262898161992,NaN,-1.33010151802535,4.15192616165422,-3.01596305964725,9.91972457266515,0.657068579934484,1,0.101538461538462,pilot/exploratory paired effort-selected minus makespan-selected contrast
128,10,ACBBA,bernoulli_025,2,1,max_individual_steps,Maximum individual movement workload (steps),25,25.84,25.08,0.76,0,3.03030303030303,NaN,-0.72,2.24,-2.78207109737248,9.14930391632307,0.346169541044568,0.692339082089136,0.251461988304094,pilot/exploratory paired effort-selected minus makespan-selected contrast
122,10,ACBBA,bernoulli_025,2,1,max_robot_steps,Makespan (maximum robot steps),25,25.84,25.08,0.76,0,3.03030303030303,3.03030303030303,-0.68,2.24,-2.6688647156976,9.10606180980376,0.346169541044568,0.692339082089136,0.251461988304094,pilot/exploratory paired effort-selected minus makespan-selected contrast
127,10,ACBBA,bernoulli_025,2,1,max_target_workload,Maximum target workload on one robot,25,4.12,4.44,-0.32,0,-7.20720720720721,NaN,-0.6,-0.04,-13.0444941080861,-0.961538461538458,0.0556640625,0.1669921875,-0.666666666666667,pilot/exploratory paired effort-selected minus makespan-selected contrast
125,10,ACBBA,bernoulli_025,2,1,movement_workload_gini,Movement-workload Gini,25,0.0935442901491745,0.0731278831195264,0.0204164070296481,0.0176470588235296,27.9187720999359,NaN,-0.00465654626492005,0.0437636325726931,-5.14131147098422,74.1366338395283,0.0520334213607994,0.156100264082398,0.453333333333333,pilot/exploratory paired effort-selected minus makespan-selected contrast
124,10,ACBBA,bernoulli_025,2,1,target_workload_gini,Target-workload Gini,25,0.266,0.312,-0.046,-0.05,-14.7435897435897,NaN,-0.08,-0.01,-25.4901960784314,-3.28947368421053,0.0388295835149119,0.116488750544736,-0.536842105263158,pilot/exploratory paired effort-selected minus makespan-selected contrast
130,10,ACBBA,bernoulli_025,2,1,total_messages,Total messages,25,341.2,306,35.2,29,11.5032679738562,NaN,20.8,49.88,6.723805771823,16.5138141226174,0.000164904339187243,0.000494713017561729,0.861538461538462,pilot/exploratory paired effort-selected minus makespan-selected contrast
121,10,ACBBA,bernoulli_025,2,1,total_team_steps,Total team steps,25,91.92,94.68,-2.76,-1,-2.915082382763,NaN,-8.4,2.64,-8.59607612089502,2.86704629177722,0.352890067199691,1,-0.216666666666667,pilot/exploratory paired effort-selected minus makespan-selected contrast
116,10,ACBBA,ideal,2,1,active_robot_count,Active robots completing at least one target,25,3.92,3.88,0.04,0,1.03092783505154,NaN,0,0.12,0,3.19148936170213,1,1,1,pilot/exploratory paired effort-selected minus makespan-selected contrast
119,10,ACBBA,ideal,2,1,allocation_messages,Allocation messages,25,151.56,123.04,28.52,28,23.1794538361508,NaN,17.439,39.361,13.8136182469634,32.5253779131374,0.000193555882285533,0.0005806676468566,0.852307692307692,pilot/exploratory paired effort-selected minus makespan-selected contrast
113,10,ACBBA,ideal,2,1,final_completion_time,Final simulated mission-completion time (s),25,41.3145880937704,40.3515813203223,0.963006773448089,0.494612907392579,2.38654035836527,NaN,-1.68577882157664,3.62107853546993,-4.11983565589248,9.13524882188363,0.509754930656496,1,0.150769230769231,pilot/exploratory paired effort-selected minus makespan-selected contrast
118,10,ACBBA,ideal,2,1,max_individual_steps,Maximum individual movement workload (steps),25,24.16,23.8,0.36,0,1.5126050420168,NaN,-1.08,1.76099999999999,-4.46582195253334,7.58620689655174,0.637043702797051,1,0.116883116883117,pilot/exploratory paired effort-selected minus makespan-selected contrast
112,10,ACBBA,ideal,2,1,max_robot_steps,Makespan (maximum robot steps),25,24.16,23.8,0.36,0,1.5126050420168,1.5126050420168,-1.04,1.76,-4.3046357615894,7.41394574635113,0.637043702797051,1,0.116883116883117,pilot/exploratory paired effort-selected minus makespan-selected contrast
117,10,ACBBA,ideal,2,1,max_target_workload,Maximum target workload on one robot,25,3.88,4,-0.12,0,-3,NaN,-0.4,0.2,-9.9009900990099,5.10204081632653,0.61328125,1,-0.230769230769231,pilot/exploratory paired effort-selected minus makespan-selected contrast
115,10,ACBBA,ideal,2,1,movement_workload_gini,Movement-workload Gini,25,0.129168198133447,0.0691127049072864,0.0600554932261603,0.0530487804878048,86.8950120049906,NaN,0.043853754008469,0.0768591161094395,58.8857202437453,121.686487579926,1.57051000197501e-05,6.14516110512422e-05,0.987692307692308,pilot/exploratory paired effort-selected minus makespan-selected contrast
114,10,ACBBA,ideal,2,1,target_workload_gini,Target-workload Gini,25,0.212,0.244,-0.032,0,-13.1147540983607,NaN,-0.068,0.00600000000000001,-26.984126984127,2.88461538461535,0.1610107421875,0.4830322265625,-0.408333333333333,pilot/exploratory paired effort-selected minus makespan-selected contrast
120,10,ACBBA,ideal,2,1,total_messages,Total messages,25,302.2,294.52,7.68,21,2.60763275838654,NaN,-8.161,22.92,-2.71827247153072,7.87608950237967,0.38177365273414,1,0.2,pilot/exploratory paired effort-selected minus makespan-selected contrast
111,10,ACBBA,ideal,2,1,total_team_steps,Total team steps,25,71.4,81.76,-10.36,-10,-12.6712328767123,NaN,-13.8,-7.08,-16.6666666666667,-8.80497450763501,3.83457271816132e-05,0.000115037181544839,-0.96,pilot/exploratory paired effort-selected minus makespan-selected contrast
146,10,DGA,bernoulli_025,1,3,active_robot_count,Active robots completing at least one target,25,3.92,3.84,0.08,0,2.08333333333333,NaN,0,0.2,0,5.3763440860215,0.5,1,1,pilot/exploratory paired effort-selected minus makespan-selected contrast
149,10,DGA,bernoulli_025,1,3,allocation_messages,Allocation messages,25,54.16,117.4,-63.24,-57,-53.8671209540034,NaN,-76.2,-50.64,-59.0880870645476,-47.7672005824536,1.22791853613367e-05,6.08965931989039e-05,-1,pilot/exploratory paired effort-selected minus makespan-selected contrast
143,10,DGA,bernoulli_025,1,3,final_completion_time,Final simulated mission-completion time (s),25,39.1309656020426,36.4954009367998,2.63556466524283,0.251982189627043,7.22163504877484,NaN,-0.337578649896122,5.78495318269964,-0.929137103553568,15.8817575242965,0.13534988381758,0.40604965145274,0.341538461538462,pilot/exploratory paired effort-selected minus makespan-selected contrast
148,10,DGA,bernoulli_025,1,3,max_individual_steps,Maximum individual movement workload (steps),25,23.24,21.68,1.56,0,7.19557195571956,NaN,-0.12,3.32,-0.547495387823857,15.4122028213475,0.128173828125,0.384521484375,0.466666666666667,pilot/exploratory paired effort-selected minus makespan-selected contrast
142,10,DGA,bernoulli_025,1,3,max_robot_steps,Makespan (maximum robot steps),25,23.24,21.68,1.56,0,7.19557195571956,7.19557195571956,-0.12,3.36,-0.546473016632764,15.4850746268657,0.128173828125,0.384521484375,0.466666666666667,pilot/exploratory paired effort-selected minus makespan-selected contrast
147,10,DGA,bernoulli_025,1,3,max_target_workload,Maximum target workload on one robot,25,3.64,3.84,-0.2,0,-5.20833333333333,NaN,-0.44,0.04,-11.4583333333333,1.08695652173914,0.234375,0.46875,-0.555555555555556,pilot/exploratory paired effort-selected minus makespan-selected contrast
145,10,DGA,bernoulli_025,1,3,movement_workload_gini,Movement-workload Gini,25,0.118410854954976,0.105549834271642,0.0128610206833341,0.0085777894185437,12.1847852932059,NaN,-0.0216269530954406,0.0457692347572499,-17.5971440521757,51.9760117776729,0.411839500245909,0.823679000491817,0.187692307692308,pilot/exploratory paired effort-selected minus makespan-selected contrast
144,10,DGA,bernoulli_025,1,3,target_workload_gini,Target-workload Gini,25,0.192,0.224,-0.032,0,-14.2857142857143,NaN,-0.064,-0.00399999999999998,-27.0491803278689,-1.78571428571428,0.06640625,0.1328125,-0.711111111111111,pilot/exploratory paired effort-selected minus makespan-selected contrast
150,10,DGA,bernoulli_025,1,3,total_messages,Total messages,25,213.92,272.52,-58.6,-62,-21.5030089534713,NaN,-74.32,-42.399,-26.4878397909179,-15.9450888686172,3.6184161857531e-05,0.000180920809287655,-0.944615384615385,pilot/exploratory paired effort-selected minus makespan-selected contrast
141,10,DGA,bernoulli_025,1,3,total_team_steps,Total team steps,25,76.44,74.16,2.28,1,3.07443365695792,NaN,-2.24,7.28099999999999,-2.97250894997653,9.91148451032173,0.647064395297217,1,0.106666666666667,pilot/exploratory paired effort-selected minus makespan-selected contrast
136,10,DGA,ideal,1,3,active_robot_count,Active robots completing at least one target,25,3.92,3.92,0,0,0,NaN,-0.12,0.12,-3.03030303030303,3.125,1,1,0,pilot/exploratory paired effort-selected minus makespan-selected contrast
139,10,DGA,ideal,1,3,allocation_messages,Allocation messages,25,48.44,84,-35.56,-23,-42.3333333333333,NaN,-51.28,-21.56,-51.3195757570094,-30.8921350861574,0.000203473245559044,0.0005806676468566,-0.866666666666667,pilot/exploratory paired effort-selected minus makespan-selected contrast
133,10,DGA,ideal,1,3,final_completion_time,Final simulated mission-completion time (s),25,35.5562750268944,36.3779977935908,-0.821722766696373,-0.237502338961995,-2.25884550150024,NaN,-2.65146012312736,0.969296652019082,-7.02877400514201,2.74294250483103,0.562927540406663,1,-0.132307692307692,pilot/exploratory paired effort-selected minus makespan-selected contrast
138,10,DGA,ideal,1,3,max_individual_steps,Maximum individual movement workload (steps),25,21.2,21.76,-0.56,0,-2.57352941176472,NaN,-1.6,0.44,-7.02994480401053,2.04100634667275,0.3359375,1,-0.318681318681319,pilot/exploratory paired effort-selected minus makespan-selected contrast
132,10,DGA,ideal,1,3,max_robot_steps,Makespan (maximum robot steps),25,21.2,21.76,-0.56,0,-2.57352941176472,-2.57352941176472,-1.6,0.4,-7.10479573712255,1.94941292032165,0.3359375,1,-0.318681318681319,pilot/exploratory paired effort-selected minus makespan-selected contrast
137,10,DGA,ideal,1,3,max_target_workload,Maximum target workload on one robot,25,3.76,3.64,0.12,0,3.29670329670328,NaN,-0.2,0.44,-5.3191489361702,12.6436781609195,0.6279296875,1,0.227272727272727,pilot/exploratory paired effort-selected minus makespan-selected contrast
135,10,DGA,ideal,1,3,movement_workload_gini,Movement-workload Gini,25,0.133857840969972,0.129190218320135,0.0046676226498368,0,3.6129845668891,NaN,-0.019289780204676,0.0307454131582868,-13.6708280646845,27.4470017705139,0.910824985273362,1,0.0285714285714286,pilot/exploratory paired effort-selected minus makespan-selected contrast
134,10,DGA,ideal,1,3,target_workload_gini,Target-workload Gini,25,0.204,0.19,0.014,0,7.36842105263158,NaN,-0.028,0.056,-12.962962962963,32.9268292682926,0.7247314453125,1,0.114285714285714,pilot/exploratory paired effort-selected minus makespan-selected contrast
140,10,DGA,ideal,1,3,total_messages,Total messages,25,189.84,231.84,-42,-25,-18.1159420289855,NaN,-65.921,-21.6,-25.7202434384246,-10.2377690351423,0.000733755412975679,0.00293502165190272,-0.804347826086957,pilot/exploratory paired effort-selected minus makespan-selected contrast
131,10,DGA,ideal,1,3,total_team_steps,Total team steps,25,67.24,70.4,-3.16,0,-4.48863636363638,NaN,-8.04,1.04099999999999,-10.7199647333019,1.57492985260985,0.370011019306459,0.740022038612918,-0.228571428571429,pilot/exploratory paired effort-selected minus makespan-selected contrast
166,10,DMCHBA,bernoulli_025,1,1,active_robot_count,Active robots completing at least one target,25,3.92,3.92,0,0,0,NaN,0,0,0,0,1,1,0,pilot/exploratory paired effort-selected minus makespan-selected contrast
169,10,DMCHBA,bernoulli_025,1,1,allocation_messages,Allocation messages,25,0,0,0,0,NaN,NaN,0,0,NaN,NaN,1,1,0,pilot/exploratory paired effort-selected minus makespan-selected contrast
163,10,DMCHBA,bernoulli_025,1,1,final_completion_time,Final simulated mission-completion time (s),25,37.613336977634,37.613336977634,0,0,0,NaN,0,0,0,0,1,1,0,pilot/exploratory paired effort-selected minus makespan-selected contrast
168,10,DMCHBA,bernoulli_025,1,1,max_individual_steps,Maximum individual movement workload (steps),25,22.08,22.08,0,0,0,NaN,0,0,0,0,1,1,0,pilot/exploratory paired effort-selected minus makespan-selected contrast
162,10,DMCHBA,bernoulli_025,1,1,max_robot_steps,Makespan (maximum robot steps),25,22.08,22.08,0,0,0,0,0,0,0,0,1,1,0,pilot/exploratory paired effort-selected minus makespan-selected contrast
167,10,DMCHBA,bernoulli_025,1,1,max_target_workload,Maximum target workload on one robot,25,3.8,3.8,0,0,0,NaN,0,0,0,0,1,1,0,pilot/exploratory paired effort-selected minus makespan-selected contrast
165,10,DMCHBA,bernoulli_025,1,1,movement_workload_gini,Movement-workload Gini,25,0.0752581025907597,0.0752581025907597,0,0,0,NaN,0,0,0,0,1,1,0,pilot/exploratory paired effort-selected minus makespan-selected contrast
164,10,DMCHBA,bernoulli_025,1,1,target_workload_gini,Target-workload Gini,25,0.212,0.212,0,0,0,NaN,0,0,0,0,1,1,0,pilot/exploratory paired effort-selected minus makespan-selected contrast
170,10,DMCHBA,bernoulli_025,1,1,total_messages,Total messages,25,165.36,165.36,0,0,0,NaN,0,0,0,0,1,1,0,pilot/exploratory paired effort-selected minus makespan-selected contrast
161,10,DMCHBA,bernoulli_025,1,1,total_team_steps,Total team steps,25,79.08,79.08,0,0,0,NaN,0,0,0,0,1,1,0,pilot/exploratory paired effort-selected minus makespan-selected contrast
156,10,DMCHBA,ideal,1,1,active_robot_count,Active robots completing at least one target,25,3.88,3.88,0,0,0,NaN,0,0,0,0,1,1,0,pilot/exploratory paired effort-selected minus makespan-selected contrast
159,10,DMCHBA,ideal,1,1,allocation_messages,Allocation messages,25,0,0,0,0,NaN,NaN,0,0,NaN,NaN,1,1,0,pilot/exploratory paired effort-selected minus makespan-selected contrast
153,10,DMCHBA,ideal,1,1,final_completion_time,Final simulated mission-completion time (s),25,37.5245298252664,37.5245298252664,0,0,0,NaN,0,0,0,0,1,1,0,pilot/exploratory paired effort-selected minus makespan-selected contrast
158,10,DMCHBA,ideal,1,1,max_individual_steps,Maximum individual movement workload (steps),25,22.24,22.24,0,0,0,NaN,0,0,0,0,1,1,0,pilot/exploratory paired effort-selected minus makespan-selected contrast
152,10,DMCHBA,ideal,1,1,max_robot_steps,Makespan (maximum robot steps),25,22.24,22.24,0,0,0,0,0,0,0,0,1,1,0,pilot/exploratory paired effort-selected minus makespan-selected contrast
157,10,DMCHBA,ideal,1,1,max_target_workload,Maximum target workload on one robot,25,3.72,3.72,0,0,0,NaN,0,0,0,0,1,1,0,pilot/exploratory paired effort-selected minus makespan-selected contrast
155,10,DMCHBA,ideal,1,1,movement_workload_gini,Movement-workload Gini,25,0.0786249806813711,0.0786249806813711,0,0,0,NaN,0,0,0,0,1,1,0,pilot/exploratory paired effort-selected minus makespan-selected contrast
154,10,DMCHBA,ideal,1,1,target_workload_gini,Target-workload Gini,25,0.214,0.214,0,0,0,NaN,0,0,0,0,1,1,0,pilot/exploratory paired effort-selected minus makespan-selected contrast
160,10,DMCHBA,ideal,1,1,total_messages,Total messages,25,158.4,158.4,0,0,0,NaN,0,0,0,0,1,1,0,pilot/exploratory paired effort-selected minus makespan-selected contrast
151,10,DMCHBA,ideal,1,1,total_team_steps,Total team steps,25,75.72,75.72,0,0,0,NaN,0,0,0,0,1,1,0,pilot/exploratory paired effort-selected minus makespan-selected contrast
186,10,HIPC,bernoulli_025,12,1,active_robot_count,Active robots completing at least one target,25,2.72,3.88,-1.16,-1,-29.8969072164948,NaN,-1.44,-0.92,-36.8421052631579,-23.2323232323232,1.62898561204004e-05,8.14492806020021e-05,-1,pilot/exploratory paired effort-selected minus makespan-selected contrast
189,10,HIPC,bernoulli_025,12,1,allocation_messages,Allocation messages,25,52.76,20.16,32.6,33,161.706349206349,NaN,27,38.36,131.336133230368,196.154233870968,1.22458235221836e-05,6.08965931989039e-05,1,pilot/exploratory paired effort-selected minus makespan-selected contrast
183,10,HIPC,bernoulli_025,12,1,final_completion_time,Final simulated mission-completion time (s),25,64.9186033777767,41.4180895767091,23.5005138010676,20.8412453043271,56.7397338729084,NaN,16.5730886817157,31.1141938510694,39.4815987280591,76.5304231609744,1.389801409379e-05,6.94900704689498e-05,0.993846153846154,pilot/exploratory paired effort-selected minus makespan-selected contrast
188,10,HIPC,bernoulli_025,12,1,max_individual_steps,Maximum individual movement workload (steps),25,37.04,24.4,12.64,12,51.8032786885246,NaN,8.6,16.801,34.824244229264,70.2168508834482,5.91118392144744e-05,0.000236923555240667,1,pilot/exploratory paired effort-selected minus makespan-selected contrast
182,10,HIPC,bernoulli_025,12,1,max_robot_steps,Makespan (maximum robot steps),25,37.04,24.4,12.64,12,51.8032786885246,51.8032786885246,8.6,16.96,34.8755833355059,70.3450209991159,5.91118392144744e-05,0.000236923555240667,1,pilot/exploratory paired effort-selected minus makespan-selected contrast
187,10,HIPC,bernoulli_025,12,1,max_target_workload,Maximum target workload on one robot,25,6.4,4.08,2.32,2,56.8627450980392,NaN,1.64,3.08,38.8349514563107,77.4509803921569,5.15969638470052e-05,0.000257984819235026,1,pilot/exploratory paired effort-selected minus makespan-selected contrast
185,10,HIPC,bernoulli_025,12,1,movement_workload_gini,Movement-workload Gini,25,0.458747325069237,0.0790629452813853,0.379684379787852,0.357397504456328,480.230502970201,NaN,0.337718374807834,0.421803990510035,387.94652619524,604.24148733986,1.22903222102484e-05,6.14516110512422e-05,1,pilot/exploratory paired effort-selected minus makespan-selected contrast
184,10,HIPC,bernoulli_025,12,1,target_workload_gini,Target-workload Gini,25,0.516,0.25,0.266,0.25,106.4,NaN,0.21,0.324,77.8624591057797,144.144144144144,1.77366072393486e-05,8.86830361967429e-05,1,pilot/exploratory paired effort-selected minus makespan-selected contrast
190,10,HIPC,bernoulli_025,12,1,total_messages,Total messages,25,187,199.96,-12.96,-8,-6.48129625925186,NaN,-27.64,1.28099999999999,-13.4372152867971,0.655487588771345,0.115343157880268,0.230686315760536,-0.36,pilot/exploratory paired effort-selected minus makespan-selected contrast
181,10,HIPC,bernoulli_025,12,1,total_team_steps,Total team steps,25,63.72,86.2,-22.48,-20,-26.0788863109049,NaN,-29.16,-16,-32.7199619971126,-19.0582188973442,2.85677649528156e-05,0.000142838824764078,-0.956923076923077,pilot/exploratory paired effort-selected minus makespan-selected contrast
176,10,HIPC,ideal,12,1,active_robot_count,Active robots completing at least one target,25,2.68,3.84,-1.16,-1,-30.2083333333333,NaN,-1.48,-0.84,-38.7755102040816,-21.875,8.73955221837046e-05,0.000436977610918523,-1,pilot/exploratory paired effort-selected minus makespan-selected contrast
179,10,HIPC,ideal,12,1,allocation_messages,Allocation messages,25,44.56,21.88,22.68,24,103.656307129799,NaN,18,27.361,76.7080257502458,135.42912763466,1.22125346538002e-05,6.10072727997164e-05,1,pilot/exploratory paired effort-selected minus makespan-selected contrast
173,10,HIPC,ideal,12,1,final_completion_time,Final simulated mission-completion time (s),25,60.4475310896761,38.947133378616,21.5003977110601,16.3853209906157,55.2040570022157,NaN,15.1687738532789,28.2412558408356,38.7857836207893,73.2241776561411,1.57051000197501e-05,6.28204000790002e-05,0.987692307692308,pilot/exploratory paired effort-selected minus makespan-selected contrast
178,10,HIPC,ideal,12,1,max_individual_steps,Maximum individual movement workload (steps),25,35.2,23,12.2,10,53.0434782608696,NaN,8.72,15.96,37.7192223638681,69.649517311798,3.9818721005008e-05,0.000159274884020032,1,pilot/exploratory paired effort-selected minus makespan-selected contrast
172,10,HIPC,ideal,12,1,max_robot_steps,Makespan (maximum robot steps),25,35.2,23,12.2,10,53.0434782608696,53.0434782608696,8.6,15.96,37.3916583597508,69.7136733507701,3.9818721005008e-05,0.000159274884020032,1,pilot/exploratory paired effort-selected minus makespan-selected contrast
177,10,HIPC,ideal,12,1,max_target_workload,Maximum target workload on one robot,25,6.32,3.8,2.52,2,66.3157894736842,NaN,1.72,3.36,43.8775510204082,91.6688144329897,0.000125733633207948,0.000502934532831791,1,pilot/exploratory paired effort-selected minus makespan-selected contrast
175,10,HIPC,ideal,12,1,movement_workload_gini,Movement-workload Gini,25,0.510442155792382,0.0822996736088615,0.428142482183521,0.41576544099976,520.223791188184,NaN,0.381805801961813,0.475304335245569,426.294217966381,653.567862095662,1.22903222102484e-05,6.14516110512422e-05,1,pilot/exploratory paired effort-selected minus makespan-selected contrast
174,10,HIPC,ideal,12,1,target_workload_gini,Target-workload Gini,25,0.508,0.22,0.288,0.25,130.909090909091,NaN,0.216,0.362,89.8292713101571,186,1.19706348976246e-05,5.98531744881231e-05,1,pilot/exploratory paired effort-selected minus makespan-selected contrast
180,10,HIPC,ideal,12,1,total_messages,Total messages,25,154.4,183,-28.6,-27,-15.6284153005465,NaN,-38.16,-19.28,-20.1219915828902,-10.8847313995459,6.80668272392038e-05,0.000340334136196019,-0.910769230769231,pilot/exploratory paired effort-selected minus makespan-selected contrast
171,10,HIPC,ideal,12,1,total_team_steps,Total team steps,25,51.88,76.76,-24.88,-26,-32.4127149557061,NaN,-28.44,-21.6,-35.7703090091788,-29.0477421514656,1.21572150476427e-05,6.07860752382136e-05,-1,pilot/exploratory paired effort-selected minus makespan-selected contrast
206,10,PI,bernoulli_025,5,1,active_robot_count,Active robots completing at least one target,25,3.48,3.88,-0.4,0,-10.3092783505155,NaN,-0.6,-0.2,-15.3061224489796,-5.3191489361702,0.001953125,0.0078125,-1,pilot/exploratory paired effort-selected minus makespan-selected contrast
209,10,PI,bernoulli_025,5,1,allocation_messages,Allocation messages,25,90.72,19.16,71.56,73,373.486430062631,NaN,65.2,77.96,326.705007743337,424.888961038961,1.21793186397808e-05,6.08965931989039e-05,1,pilot/exploratory paired effort-selected minus makespan-selected contrast
203,10,PI,bernoulli_025,5,1,final_completion_time,Final simulated mission-completion time (s),25,59.7796081044598,43.9757690467823,15.8038390576775,7.86402749422363,35.9376070054968,NaN,10.0253599421789,21.9810866920448,21.7821616871332,52.0667318262354,4.57388760554373e-05,0.000182955504221749,0.932307692307692,pilot/exploratory paired effort-selected minus makespan-selected contrast
208,10,PI,bernoulli_025,5,1,max_individual_steps,Maximum individual movement workload (steps),25,34.48,25.8,8.68,5,33.6434108527132,NaN,5.56,12.04,20.6948585831647,48.2705757970072,4.73847110481334e-05,0.000236923555240667,0.967391304347826,pilot/exploratory paired effort-selected minus makespan-selected contrast
202,10,PI,bernoulli_025,5,1,max_robot_steps,Makespan (maximum robot steps),25,34.48,25.8,8.68,5,33.6434108527132,33.6434108527132,5.559,12.08,20.6845180237725,48.6886317368478,4.73847110481334e-05,0.000236923555240667,0.967391304347826,pilot/exploratory paired effort-selected minus makespan-selected contrast
207,10,PI,bernoulli_025,5,1,max_target_workload,Maximum target workload on one robot,25,4.56,3.92,0.64,0,16.3265306122449,NaN,0.24,1.08,5.607476635514,28.4210526315789,0.008544921875,0.0341796875,0.771428571428571,pilot/exploratory paired effort-selected minus makespan-selected contrast
205,10,PI,bernoulli_025,5,1,movement_workload_gini,Movement-workload Gini,25,0.172711197245377,0.0506216753751176,0.12208952187026,0.111638361638362,241.180326343508,NaN,0.0921522628473444,0.153306526176904,168.621629315449,337.655412820602,1.22903222102484e-05,6.14516110512422e-05,1,pilot/exploratory paired effort-selected minus makespan-selected contrast
204,10,PI,bernoulli_025,5,1,target_workload_gini,Target-workload Gini,25,0.316,0.236,0.08,0.05,33.8983050847457,NaN,0.028,0.134,11.36256432247,62.3853211009174,0.0115837439789569,0.0463349759158276,0.642857142857143,pilot/exploratory paired effort-selected minus makespan-selected contrast
210,10,PI,bernoulli_025,5,1,total_messages,Total messages,25,309.68,225.88,83.8,83,37.0993447848415,NaN,60,107.641,25.2118678332875,50.3148838840998,3.83619528735302e-05,0.000180920809287655,0.941538461538462,pilot/exploratory paired effort-selected minus makespan-selected contrast
201,10,PI,bernoulli_025,5,1,total_team_steps,Total team steps,25,105.08,100.04,5.04,3,5.03798480607756,NaN,-4.921,14.841,-4.67854525027915,15.5522091071525,0.38177365273414,1,0.2,pilot/exploratory paired effort-selected minus makespan-selected contrast
196,10,PI,ideal,5,1,active_robot_count,Active robots completing at least one target,25,3.24,3.88,-0.64,-1,-16.4948453608247,NaN,-0.88,-0.4,-22.9166666666667,-10.3092783505155,0.0001220703125,0.00048828125,-1,pilot/exploratory paired effort-selected minus makespan-selected contrast
199,10,PI,ideal,5,1,allocation_messages,Allocation messages,25,54.08,20.28,33.8,35,166.666666666667,NaN,30,37.6,141.291492468718,192.814605402376,1.22014545599433e-05,6.10072727997164e-05,1,pilot/exploratory paired effort-selected minus makespan-selected contrast
193,10,PI,ideal,5,1,final_completion_time,Final simulated mission-completion time (s),25,60.3447402386409,39.0885869019291,21.2561533367117,21.6951248605322,54.3794366116178,NaN,15.9864510444663,26.6487497244265,40.2737744988751,69.2520925582021,1.22903222102484e-05,6.14516110512422e-05,1,pilot/exploratory paired effort-selected minus makespan-selected contrast
198,10,PI,ideal,5,1,max_individual_steps,Maximum individual movement workload (steps),25,35.16,22.96,12.2,13,53.1358885017421,NaN,9.28,15.24,39.9354915829912,67.2729793312048,1.21241201991596e-05,6.06206009957979e-05,1,pilot/exploratory paired effort-selected minus makespan-selected contrast
192,10,PI,ideal,5,1,max_robot_steps,Makespan (maximum robot steps),25,35.16,22.96,12.2,13,53.1358885017421,53.1358885017421,9.36,15.08,40.3114186851211,66.5461283775873,1.21241201991596e-05,6.06206009957979e-05,1,pilot/exploratory paired effort-selected minus makespan-selected contrast
197,10,PI,ideal,5,1,max_target_workload,Maximum target workload on one robot,25,5.32,3.64,1.68,2,46.1538461538462,NaN,1.2,2.16,31.5789473684211,62.5,7.44619583090827e-05,0.000372309791545414,1,pilot/exploratory paired effort-selected minus makespan-selected contrast
195,10,PI,ideal,5,1,movement_workload_gini,Movement-workload Gini,25,0.418375352112869,0.0690283411098908,0.349347011002978,0.346944444444444,506.092143293476,NaN,0.312333993905188,0.384985608931483,411.342373072712,633.787950076412,1.22903222102484e-05,6.14516110512422e-05,1,pilot/exploratory paired effort-selected minus makespan-selected contrast
194,10,PI,ideal,5,1,target_workload_gini,Target-workload Gini,25,0.422,0.198,0.224,0.2,113.131313131313,NaN,0.17,0.278,74.5407925407925,166.265060240964,2.638519860997e-05,0.00010554079443988,1,pilot/exploratory paired effort-selected minus makespan-selected contrast
200,10,PI,ideal,5,1,total_messages,Total messages,25,185.64,186,-0.36,-6,-0.193548387096787,NaN,-9.041,8.28,-4.81641594706795,4.49247102158295,0.967785423722374,1,-0.00923076923076923,pilot/exploratory paired effort-selected minus makespan-selected contrast
191,10,PI,ideal,5,1,total_team_steps,Total team steps,25,62.2,78.88,-16.68,-16,-21.1460446247464,NaN,-19.72,-13.52,-24.8374585073487,-17.3046020816728,1.81080419967847e-05,7.24321679871388e-05,-1,pilot/exploratory paired effort-selected minus makespan-selected contrast
227,20,ACBBA,bernoulli_025,2,2,active_robot_count,Active robots completing at least one target,25,4,4,0,0,0,NaN,0,0,0,0,1,1,0,pilot/exploratory paired effort-selected minus makespan-selected contrast
230,20,ACBBA,bernoulli_025,2,2,allocation_messages,Allocation messages,25,244.08,244.08,0,0,0,NaN,0,0,0,0,1,1,0,pilot/exploratory paired effort-selected minus makespan-selected contrast
232,20,ACBBA,bernoulli_025,2,2,allocator_time_ms,Allocator computation time (ms),25,30.969952,30.969952,0,0,0,NaN,0,0,0,0,1,1,0,pilot/exploratory paired effort-selected minus makespan-selected contrast
224,20,ACBBA,bernoulli_025,2,2,final_completion_time,Final simulated mission-completion time (s),25,57.8687714301973,57.8687714301973,0,0,0,NaN,0,0,0,0,1,1,0,pilot/exploratory paired effort-selected minus makespan-selected contrast
229,20,ACBBA,bernoulli_025,2,2,max_individual_steps,Maximum individual movement workload (steps),25,33.48,33.48,0,0,0,NaN,0,0,0,0,1,1,0,pilot/exploratory paired effort-selected minus makespan-selected contrast
223,20,ACBBA,bernoulli_025,2,2,max_robot_steps,Makespan (maximum robot steps),25,33.48,33.48,0,0,0,0,0,0,0,0,1,1,0,pilot/exploratory paired effort-selected minus makespan-selected contrast
228,20,ACBBA,bernoulli_025,2,2,max_target_workload,Maximum target workload on one robot,25,7.08,7.08,0,0,0,NaN,0,0,0,0,1,1,0,pilot/exploratory paired effort-selected minus makespan-selected contrast
226,20,ACBBA,bernoulli_025,2,2,movement_workload_gini,Movement-workload Gini,25,0.0660142148067965,0.0660142148067965,0,0,0,NaN,0,0,0,0,1,1,0,pilot/exploratory paired effort-selected minus makespan-selected contrast
225,20,ACBBA,bernoulli_025,2,2,target_workload_gini,Target-workload Gini,25,0.171,0.171,0,0,0,NaN,0,0,0,0,1,1,0,pilot/exploratory paired effort-selected minus makespan-selected contrast
231,20,ACBBA,bernoulli_025,2,2,total_messages,Total messages,25,507.44,507.44,0,0,0,NaN,0,0,0,0,1,1,0,pilot/exploratory paired effort-selected minus makespan-selected contrast
222,20,ACBBA,bernoulli_025,2,2,total_team_steps,Total team steps,25,128.56,128.56,0,0,0,NaN,0,0,0,0,1,1,0,pilot/exploratory paired effort-selected minus makespan-selected contrast
216,20,ACBBA,ideal,2,2,active_robot_count,Active robots completing at least one target,25,4,4,0,0,0,NaN,0,0,0,0,1,1,0,pilot/exploratory paired effort-selected minus makespan-selected contrast
219,20,ACBBA,ideal,2,2,allocation_messages,Allocation messages,25,262.76,262.76,0,0,0,NaN,0,0,0,0,1,1,0,pilot/exploratory paired effort-selected minus makespan-selected contrast
221,20,ACBBA,ideal,2,2,allocator_time_ms,Allocator computation time (ms),25,55.482844,55.482844,0,0,0,NaN,0,0,0,0,1,1,0,pilot/exploratory paired effort-selected minus makespan-selected contrast
213,20,ACBBA,ideal,2,2,final_completion_time,Final simulated mission-completion time (s),25,52.0992556781243,52.0992556781243,0,0,0,NaN,0,0,0,0,1,1,0,pilot/exploratory paired effort-selected minus makespan-selected contrast
218,20,ACBBA,ideal,2,2,max_individual_steps,Maximum individual movement workload (steps),25,30.08,30.08,0,0,0,NaN,0,0,0,0,1,1,0,pilot/exploratory paired effort-selected minus makespan-selected contrast
212,20,ACBBA,ideal,2,2,max_robot_steps,Makespan (maximum robot steps),25,30.08,30.08,0,0,0,0,0,0,0,0,1,1,0,pilot/exploratory paired effort-selected minus makespan-selected contrast
217,20,ACBBA,ideal,2,2,max_target_workload,Maximum target workload on one robot,25,6.68,6.68,0,0,0,NaN,0,0,0,0,1,1,0,pilot/exploratory paired effort-selected minus makespan-selected contrast
215,20,ACBBA,ideal,2,2,movement_workload_gini,Movement-workload Gini,25,0.0810493397743174,0.0810493397743174,0,0,0,NaN,0,0,0,0,1,1,0,pilot/exploratory paired effort-selected minus makespan-selected contrast
214,20,ACBBA,ideal,2,2,target_workload_gini,Target-workload Gini,25,0.142,0.142,0,0,0,NaN,0,0,0,0,1,1,0,pilot/exploratory paired effort-selected minus makespan-selected contrast
220,20,ACBBA,ideal,2,2,total_messages,Total messages,25,469.68,469.68,0,0,0,NaN,0,0,0,0,1,1,0,pilot/exploratory paired effort-selected minus makespan-selected contrast
211,20,ACBBA,ideal,2,2,total_team_steps,Total team steps,25,98.96,98.96,0,0,0,NaN,0,0,0,0,1,1,0,pilot/exploratory paired effort-selected minus makespan-selected contrast
249,20,DGA,bernoulli_025,5,5,active_robot_count,Active robots completing at least one target,25,3.96,3.96,0,0,0,NaN,0,0,0,0,1,1,0,pilot/exploratory paired effort-selected minus makespan-selected contrast
252,20,DGA,bernoulli_025,5,5,allocation_messages,Allocation messages,25,275.44,275.44,0,0,0,NaN,0,0,0,0,1,1,0,pilot/exploratory paired effort-selected minus makespan-selected contrast
254,20,DGA,bernoulli_025,5,5,allocator_time_ms,Allocator computation time (ms),25,14073.628896,14073.628896,0,0,0,NaN,0,0,0,0,1,1,0,pilot/exploratory paired effort-selected minus makespan-selected contrast
246,20,DGA,bernoulli_025,5,5,final_completion_time,Final simulated mission-completion time (s),25,60.2611470360751,60.2611470360751,0,0,0,NaN,0,0,0,0,1,1,0,pilot/exploratory paired effort-selected minus makespan-selected contrast
251,20,DGA,bernoulli_025,5,5,max_individual_steps,Maximum individual movement workload (steps),25,34.84,34.84,0,0,0,NaN,0,0,0,0,1,1,0,pilot/exploratory paired effort-selected minus makespan-selected contrast
245,20,DGA,bernoulli_025,5,5,max_robot_steps,Makespan (maximum robot steps),25,34.84,34.84,0,0,0,0,0,0,0,0,1,1,0,pilot/exploratory paired effort-selected minus makespan-selected contrast
250,20,DGA,bernoulli_025,5,5,max_target_workload,Maximum target workload on one robot,25,7.44,7.44,0,0,0,NaN,0,0,0,0,1,1,0,pilot/exploratory paired effort-selected minus makespan-selected contrast
248,20,DGA,bernoulli_025,5,5,movement_workload_gini,Movement-workload Gini,25,0.0582286761217343,0.0582286761217343,0,0,0,NaN,0,0,0,0,1,1,0,pilot/exploratory paired effort-selected minus makespan-selected contrast
247,20,DGA,bernoulli_025,5,5,target_workload_gini,Target-workload Gini,25,0.209,0.209,0,0,0,NaN,0,0,0,0,1,1,0,pilot/exploratory paired effort-selected minus makespan-selected contrast
253,20,DGA,bernoulli_025,5,5,total_messages,Total messages,25,552.48,552.48,0,0,0,NaN,0,0,0,0,1,1,0,pilot/exploratory paired effort-selected minus makespan-selected contrast
244,20,DGA,bernoulli_025,5,5,total_team_steps,Total team steps,25,134.96,134.96,0,0,0,NaN,0,0,0,0,1,1,0,pilot/exploratory paired effort-selected minus makespan-selected contrast
238,20,DGA,ideal,5,5,active_robot_count,Active robots completing at least one target,25,4,4,0,0,0,NaN,0,0,0,0,1,1,0,pilot/exploratory paired effort-selected minus makespan-selected contrast
241,20,DGA,ideal,5,5,allocation_messages,Allocation messages,25,207.32,207.32,0,0,0,NaN,0,0,0,0,1,1,0,pilot/exploratory paired effort-selected minus makespan-selected contrast
243,20,DGA,ideal,5,5,allocator_time_ms,Allocator computation time (ms),25,12936.84436,12936.84436,0,0,0,NaN,0,0,0,0,1,1,0,pilot/exploratory paired effort-selected minus makespan-selected contrast
235,20,DGA,ideal,5,5,final_completion_time,Final simulated mission-completion time (s),25,53.5134880520723,53.5134880520723,0,0,0,NaN,0,0,0,0,1,1,0,pilot/exploratory paired effort-selected minus makespan-selected contrast
240,20,DGA,ideal,5,5,max_individual_steps,Maximum individual movement workload (steps),25,30.92,30.92,0,0,0,NaN,0,0,0,0,1,1,0,pilot/exploratory paired effort-selected minus makespan-selected contrast
234,20,DGA,ideal,5,5,max_robot_steps,Makespan (maximum robot steps),25,30.92,30.92,0,0,0,0,0,0,0,0,1,1,0,pilot/exploratory paired effort-selected minus makespan-selected contrast
239,20,DGA,ideal,5,5,max_target_workload,Maximum target workload on one robot,25,7.32,7.32,0,0,0,NaN,0,0,0,0,1,1,0,pilot/exploratory paired effort-selected minus makespan-selected contrast
237,20,DGA,ideal,5,5,movement_workload_gini,Movement-workload Gini,25,0.0467611570781519,0.0467611570781519,0,0,0,NaN,0,0,0,0,1,1,0,pilot/exploratory paired effort-selected minus makespan-selected contrast
236,20,DGA,ideal,5,5,target_workload_gini,Target-workload Gini,25,0.193,0.193,0,0,0,NaN,0,0,0,0,1,1,0,pilot/exploratory paired effort-selected minus makespan-selected contrast
242,20,DGA,ideal,5,5,total_messages,Total messages,25,449.12,449.12,0,0,0,NaN,0,0,0,0,1,1,0,pilot/exploratory paired effort-selected minus makespan-selected contrast
233,20,DGA,ideal,5,5,total_team_steps,Total team steps,25,117.52,117.52,0,0,0,NaN,0,0,0,0,1,1,0,pilot/exploratory paired effort-selected minus makespan-selected contrast
271,20,DMCHBA,bernoulli_025,12,12,active_robot_count,Active robots completing at least one target,25,4,4,0,0,0,NaN,0,0,0,0,1,1,0,pilot/exploratory paired effort-selected minus makespan-selected contrast
274,20,DMCHBA,bernoulli_025,12,12,allocation_messages,Allocation messages,25,0,0,0,0,NaN,NaN,0,0,NaN,NaN,1,1,0,pilot/exploratory paired effort-selected minus makespan-selected contrast
276,20,DMCHBA,bernoulli_025,12,12,allocator_time_ms,Allocator computation time (ms),25,66.94852,66.94852,0,0,0,NaN,0,0,0,0,1,1,0,pilot/exploratory paired effort-selected minus makespan-selected contrast
268,20,DMCHBA,bernoulli_025,12,12,final_completion_time,Final simulated mission-completion time (s),25,55.7103368218972,55.7103368218972,0,0,0,NaN,0,0,0,0,1,1,0,pilot/exploratory paired effort-selected minus makespan-selected contrast
273,20,DMCHBA,bernoulli_025,12,12,max_individual_steps,Maximum individual movement workload (steps),25,32.28,32.28,0,0,0,NaN,0,0,0,0,1,1,0,pilot/exploratory paired effort-selected minus makespan-selected contrast
267,20,DMCHBA,bernoulli_025,12,12,max_robot_steps,Makespan (maximum robot steps),25,32.28,32.28,0,0,0,0,0,0,0,0,1,1,0,pilot/exploratory paired effort-selected minus makespan-selected contrast
272,20,DMCHBA,bernoulli_025,12,12,max_target_workload,Maximum target workload on one robot,25,6.96,6.96,0,0,0,NaN,0,0,0,0,1,1,0,pilot/exploratory paired effort-selected minus makespan-selected contrast
270,20,DMCHBA,bernoulli_025,12,12,movement_workload_gini,Movement-workload Gini,25,0.0493466427038128,0.0493466427038128,0,0,0,NaN,0,0,0,0,1,1,0,pilot/exploratory paired effort-selected minus makespan-selected contrast
269,20,DMCHBA,bernoulli_025,12,12,target_workload_gini,Target-workload Gini,25,0.16,0.16,0,0,0,NaN,0,0,0,0,1,1,0,pilot/exploratory paired effort-selected minus makespan-selected contrast
275,20,DMCHBA,bernoulli_025,12,12,total_messages,Total messages,25,251.28,251.28,0,0,0,NaN,0,0,0,0,1,1,0,pilot/exploratory paired effort-selected minus makespan-selected contrast
266,20,DMCHBA,bernoulli_025,12,12,total_team_steps,Total team steps,25,122.32,122.32,0,0,0,NaN,0,0,0,0,1,1,0,pilot/exploratory paired effort-selected minus makespan-selected contrast
260,20,DMCHBA,ideal,12,12,active_robot_count,Active robots completing at least one target,25,4,4,0,0,0,NaN,0,0,0,0,1,1,0,pilot/exploratory paired effort-selected minus makespan-selected contrast
263,20,DMCHBA,ideal,12,12,allocation_messages,Allocation messages,25,0,0,0,0,NaN,NaN,0,0,NaN,NaN,1,1,0,pilot/exploratory paired effort-selected minus makespan-selected contrast
265,20,DMCHBA,ideal,12,12,allocator_time_ms,Allocator computation time (ms),25,70.546784,70.546784,0,0,0,NaN,0,0,0,0,1,1,0,pilot/exploratory paired effort-selected minus makespan-selected contrast
257,20,DMCHBA,ideal,12,12,final_completion_time,Final simulated mission-completion time (s),25,49.2249391742342,49.2249391742342,0,0,0,NaN,0,0,0,0,1,1,0,pilot/exploratory paired effort-selected minus makespan-selected contrast
262,20,DMCHBA,ideal,12,12,max_individual_steps,Maximum individual movement workload (steps),25,28.52,28.52,0,0,0,NaN,0,0,0,0,1,1,0,pilot/exploratory paired effort-selected minus makespan-selected contrast
256,20,DMCHBA,ideal,12,12,max_robot_steps,Makespan (maximum robot steps),25,28.52,28.52,0,0,0,0,0,0,0,0,1,1,0,pilot/exploratory paired effort-selected minus makespan-selected contrast
261,20,DMCHBA,ideal,12,12,max_target_workload,Maximum target workload on one robot,25,6.4,6.4,0,0,0,NaN,0,0,0,0,1,1,0,pilot/exploratory paired effort-selected minus makespan-selected contrast
259,20,DMCHBA,ideal,12,12,movement_workload_gini,Movement-workload Gini,25,0.0416896802580715,0.0416896802580715,0,0,0,NaN,0,0,0,0,1,1,0,pilot/exploratory paired effort-selected minus makespan-selected contrast
258,20,DMCHBA,ideal,12,12,target_workload_gini,Target-workload Gini,25,0.12,0.12,0,0,0,NaN,0,0,0,0,1,1,0,pilot/exploratory paired effort-selected minus makespan-selected contrast
264,20,DMCHBA,ideal,12,12,total_messages,Total messages,25,214.92,214.92,0,0,0,NaN,0,0,0,0,1,1,0,pilot/exploratory paired effort-selected minus makespan-selected contrast
255,20,DMCHBA,ideal,12,12,total_team_steps,Total team steps,25,103.84,103.84,0,0,0,NaN,0,0,0,0,1,1,0,pilot/exploratory paired effort-selected minus makespan-selected contrast
293,20,HIPC,bernoulli_025,12,1,active_robot_count,Active robots completing at least one target,25,3.52,3.96,-0.44,0,-11.1111111111111,NaN,-0.64,-0.24,-16,-6.06060606060606,0.0009765625,0.0048828125,-1,pilot/exploratory paired effort-selected minus makespan-selected contrast
296,20,HIPC,bernoulli_025,12,1,allocation_messages,Allocation messages,25,146.08,33.96,112.12,112,330.153121319199,NaN,101.16,123.121,291.437793023931,373.697927128108,1.22347191306097e-05,6.05655235485923e-05,1,pilot/exploratory paired effort-selected minus makespan-selected contrast
298,20,HIPC,bernoulli_025,12,1,allocator_time_ms,Allocator computation time (ms),25,560.52516,58.423528,502.101632,483.9973,859.416829466375,NaN,398.1504763,627.003432799999,665.398216693854,1100.46164667824,1.22903222102484e-05,6.14516110512422e-05,1,pilot/exploratory paired effort-selected minus makespan-selected contrast
290,20,HIPC,bernoulli_025,12,1,final_completion_time,Final simulated mission-completion time (s),25,83.4737622029571,56.2597909724475,27.2139712305096,22.4069331363368,48.3719735891612,NaN,16.2448852445404,40.1090692713449,27.2306781173465,74.9201917698244,0.000156563328557186,0.000782816642785932,0.864615384615385,pilot/exploratory paired effort-selected minus makespan-selected contrast
295,20,HIPC,bernoulli_025,12,1,max_individual_steps,Maximum individual movement workload (steps),25,44.48,32.52,11.96,11,36.7773677736777,NaN,7.24,16.641,20.9784634499896,54.047084074494,0.00023603441652935,0.00118017208264675,0.84,pilot/exploratory paired effort-selected minus makespan-selected contrast
289,20,HIPC,bernoulli_025,12,1,max_robot_steps,Makespan (maximum robot steps),25,44.48,32.52,11.96,11,36.7773677736777,36.7773677736777,7.28,16.72,21.2690951821387,54.188629819926,0.00023603441652935,0.00118017208264675,0.84,pilot/exploratory paired effort-selected minus makespan-selected contrast
294,20,HIPC,bernoulli_025,12,1,max_target_workload,Maximum target workload on one robot,25,10.36,7.44,2.92,3,39.247311827957,NaN,2,3.96,25.7266626862572,55.001404494382,6.21884279882512e-05,0.000310942139941256,0.93,pilot/exploratory paired effort-selected minus makespan-selected contrast
292,20,HIPC,bernoulli_025,12,1,movement_workload_gini,Movement-workload Gini,25,0.281300749665092,0.0571078235641774,0.224192926100915,0.220459952418715,392.578305578339,NaN,0.176290463207034,0.273434317522547,260.552464495429,569.557661309432,1.389801409379e-05,6.94900704689498e-05,0.993846153846154,pilot/exploratory paired effort-selected minus makespan-selected contrast
291,20,HIPC,bernoulli_025,12,1,target_workload_gini,Target-workload Gini,25,0.401,0.208,0.193,0.2,92.7884615384616,NaN,0.139,0.248,60.0802469135803,137.160063752277,3.5970521266344e-05,0.00017985260633172,0.963333333333333,pilot/exploratory paired effort-selected minus makespan-selected contrast
297,20,HIPC,bernoulli_025,12,1,total_messages,Total messages,25,371.08,292.32,78.76,72,26.9430760810071,NaN,49.28,107.48,15.9058371167349,38.8985326715855,0.000174372656137261,0.000871863280686306,0.858461538461538,pilot/exploratory paired effort-selected minus makespan-selected contrast
288,20,HIPC,bernoulli_025,12,1,total_team_steps,Total team steps,25,108.4,125.64,-17.24,-16,-13.7217446673034,NaN,-28.12,-7.04,-21.0545668042697,-5.91595689123107,0.00655135454027195,0.0327567727013597,-0.621538461538461,pilot/exploratory paired effort-selected minus makespan-selected contrast
282,20,HIPC,ideal,12,1,active_robot_count,Active robots completing at least one target,25,3.44,4,-0.56,0,-14,NaN,-0.8,-0.32,-20,-8,0.00048828125,0.00244140625,-1,pilot/exploratory paired effort-selected minus makespan-selected contrast
285,20,HIPC,ideal,12,1,allocation_messages,Allocation messages,25,131.92,33.96,97.96,93,288.457008244994,NaN,87.16,109.96,250.278769170444,332.463767157122,1.22791853613367e-05,6.06206009957979e-05,1,pilot/exploratory paired effort-selected minus makespan-selected contrast
287,20,HIPC,ideal,12,1,allocator_time_ms,Allocator computation time (ms),25,592.119648,74.862836,517.256812,487.0474,690.939376114472,NaN,439.1411062,600.3456959,582.636470213439,814.701343304321,1.22903222102484e-05,6.14516110512422e-05,1,pilot/exploratory paired effort-selected minus makespan-selected contrast
279,20,HIPC,ideal,12,1,final_completion_time,Final simulated mission-completion time (s),25,83.0562892989943,50.1548453590302,32.9014439399641,30.9852217042967,65.5997316000902,NaN,26.5802933420161,39.1240953152158,50.8818684431171,81.0253731820285,1.22903222102484e-05,6.14516110512422e-05,1,pilot/exploratory paired effort-selected minus makespan-selected contrast
284,20,HIPC,ideal,12,1,max_individual_steps,Maximum individual movement workload (steps),25,47.32,28.88,18.44,17,63.8504155124654,NaN,14.88,22.04,49.5923356200998,78.7054951783254,1.21793186397808e-05,6.08965931989039e-05,1,pilot/exploratory paired effort-selected minus makespan-selected contrast
278,20,HIPC,ideal,12,1,max_robot_steps,Makespan (maximum robot steps),25,47.32,28.88,18.44,17,63.8504155124654,63.8504155124654,14.84,22.04,49.5856066635038,78.6659703504043,1.21793186397808e-05,6.08965931989039e-05,1,pilot/exploratory paired effort-selected minus makespan-selected contrast
283,20,HIPC,ideal,12,1,max_target_workload,Maximum target workload on one robot,25,11.4,6.68,4.72,5,70.6586826347305,NaN,3.84,5.6,56.0234939759036,86.0609896432681,1.14562322863078e-05,5.72811614315392e-05,1,pilot/exploratory paired effort-selected minus makespan-selected contrast
281,20,HIPC,ideal,12,1,movement_workload_gini,Movement-workload Gini,25,0.452659795627877,0.0509389895567773,0.401720806071099,0.413541092112521,788.631281394648,NaN,0.378477701475095,0.423495004949266,675.39812611754,928.565831833548,1.22903222102484e-05,6.14516110512422e-05,1,pilot/exploratory paired effort-selected minus makespan-selected contrast
280,20,HIPC,ideal,12,1,target_workload_gini,Target-workload Gini,25,0.455,0.151,0.304,0.3,201.324503311258,NaN,0.264,0.344,159.036144578313,257.8125,1.20471808027829e-05,6.02359040139144e-05,1,pilot/exploratory paired effort-selected minus makespan-selected contrast
286,20,HIPC,ideal,12,1,total_messages,Total messages,25,299.28,247.84,51.44,43,20.755326016785,NaN,33.319,70.241,13.130174715141,28.9535254193752,0.000101053333470501,0.000505266667352503,0.889230769230769,pilot/exploratory paired effort-selected minus makespan-selected contrast
277,20,HIPC,ideal,12,1,total_team_steps,Total team steps,25,80.24,102.64,-22.4,-20,-21.8238503507405,NaN,-27.12,-17.8,-25.6254107098308,-17.8250082691252,1.22680566332326e-05,6.13402831661628e-05,-1,pilot/exploratory paired effort-selected minus makespan-selected contrast
315,20,PI,bernoulli_025,3,1,active_robot_count,Active robots completing at least one target,25,4,4,0,0,0,NaN,0,0,0,0,1,1,0,pilot/exploratory paired effort-selected minus makespan-selected contrast
318,20,PI,bernoulli_025,3,1,allocation_messages,Allocation messages,25,104.88,32.72,72.16,72,220.537897310513,NaN,67.6,76.24,203.296502523056,237.593396746623,1.21131047097185e-05,6.05655235485923e-05,1,pilot/exploratory paired effort-selected minus makespan-selected contrast
320,20,PI,bernoulli_025,3,1,allocator_time_ms,Allocator computation time (ms),25,120.261316,53.935076,66.32624,65.2984,122.974221821807,NaN,55.6661039,77.7834794,101.452362671393,145.40622874782,1.22903222102484e-05,6.14516110512422e-05,1,pilot/exploratory paired effort-selected minus makespan-selected contrast
312,20,PI,bernoulli_025,3,1,final_completion_time,Final simulated mission-completion time (s),25,68.7126028026503,65.611972120883,3.10063068176729,-1.4409498911739,4.7257087106827,NaN,-5.68159280608683,11.9170270470922,-8.14659591648843,19.1128684501163,0.657068579934484,1,0.101538461538462,pilot/exploratory paired effort-selected minus makespan-selected contrast
317,20,PI,bernoulli_025,3,1,max_individual_steps,Maximum individual movement workload (steps),25,39.36,38,1.36,-1,3.57894736842106,NaN,-3.36,6.4,-8.46097016788367,17.8776814099201,0.756781579214464,1,0.0707692307692308,pilot/exploratory paired effort-selected minus makespan-selected contrast
311,20,PI,bernoulli_025,3,1,max_robot_steps,Makespan (maximum robot steps),25,39.36,38,1.36,-1,3.57894736842106,3.57894736842106,-3.4,6.24,-8.52563528147897,17.2090386117894,0.756781579214464,1,0.0707692307692308,pilot/exploratory paired effort-selected minus makespan-selected contrast
316,20,PI,bernoulli_025,3,1,max_target_workload,Maximum target workload on one robot,25,7.44,7.4,0.04,0,0.540540540540535,NaN,-0.52,0.56,-6.5989847715736,8.09287611310733,1,1,-0.00833333333333333,pilot/exploratory paired effort-selected minus makespan-selected contrast
314,20,PI,bernoulli_025,3,1,movement_workload_gini,Movement-workload Gini,25,0.0695407702139766,0.0749689058172718,-0.0054281356032952,-0.00935960591133012,-7.24051597675132,NaN,-0.0238396688309894,0.0126988358867405,-27.6756916094595,19.8297817186973,0.475825237013745,1,-0.163076923076923,pilot/exploratory paired effort-selected minus makespan-selected contrast
313,20,PI,bernoulli_025,3,1,target_workload_gini,Target-workload Gini,25,0.201,0.208,-0.00699999999999997,-0.0249999999999999,-3.36538461538458,NaN,-0.044,0.03,-19.4805194805195,16.1111111111111,0.86090028237146,1,-0.04,pilot/exploratory paired effort-selected minus makespan-selected contrast
319,20,PI,bernoulli_025,3,1,total_messages,Total messages,25,404.4,334.8,69.6,66,20.7885304659498,NaN,33.799,106.32,9.57877876563526,33.5939088316445,0.00257842013012844,0.0103136805205137,0.689230769230769,pilot/exploratory paired effort-selected minus makespan-selected contrast
310,20,PI,bernoulli_025,3,1,total_team_steps,Total team steps,25,146.04,147.52,-1.48,-9,-1.00325379609546,NaN,-18.24,15.601,-11.7315573681509,11.2848526289245,0.753255322674304,1,-0.0733333333333333,pilot/exploratory paired effort-selected minus makespan-selected contrast
304,20,PI,ideal,3,1,active_robot_count,Active robots completing at least one target,25,4,4,0,0,0,NaN,0,0,0,0,1,1,0,pilot/exploratory paired effort-selected minus makespan-selected contrast
307,20,PI,ideal,3,1,allocation_messages,Allocation messages,25,71.8,27.6,44.2,42,160.144927536232,NaN,41.32,47.12,149.194610539571,170.659269269878,1.21241201991596e-05,6.06206009957979e-05,1,pilot/exploratory paired effort-selected minus makespan-selected contrast
309,20,PI,ideal,3,1,allocator_time_ms,Allocator computation time (ms),25,164.336624,63.03614,101.300484,100.8369,160.702232084642,NaN,87.154481,114.5850255,126.015289108159,193.853431329081,1.389801409379e-05,6.14516110512422e-05,0.993846153846154,pilot/exploratory paired effort-selected minus makespan-selected contrast
301,20,PI,ideal,3,1,final_completion_time,Final simulated mission-completion time (s),25,56.9728925113276,50.8081082131325,6.16478429819517,6.29214757501796,12.1334655333649,NaN,1.72804012450053,10.1334787238394,3.25008476152925,20.3636590997804,0.00188518543866155,0.00754074175464619,0.710769230769231,pilot/exploratory paired effort-selected minus makespan-selected contrast
306,20,PI,ideal,3,1,max_individual_steps,Maximum individual movement workload (steps),25,32.88,29.44,3.44,4,11.6847826086957,NaN,0.84,5.68,2.69567739705737,19.7835600827107,0.00311412714996228,0.0124565085998491,0.752380952380952,pilot/exploratory paired effort-selected minus makespan-selected contrast
300,20,PI,ideal,3,1,max_robot_steps,Makespan (maximum robot steps),25,32.88,29.44,3.44,4,11.6847826086957,11.6847826086957,0.84,5.76,2.78865574364992,19.9176524166999,0.00311412714996228,0.0124565085998491,0.752380952380952,pilot/exploratory paired effort-selected minus makespan-selected contrast
305,20,PI,ideal,3,1,max_target_workload,Maximum target workload on one robot,25,6.6,6.88,-0.28,0,-4.06976744186047,NaN,-0.64,0.08,-9.41176470588235,1.21951219512195,0.2398681640625,0.95947265625,-0.380952380952381,pilot/exploratory paired effort-selected minus makespan-selected contrast
303,20,PI,ideal,3,1,movement_workload_gini,Movement-workload Gini,25,0.114472085988446,0.0376296207208057,0.0768424652676399,0.0686972820993441,204.207387147947,NaN,0.0618511359577964,0.0933833852836504,149.975723242041,271.75021077474,1.22903222102484e-05,6.14516110512422e-05,1,pilot/exploratory paired effort-selected minus makespan-selected contrast
302,20,PI,ideal,3,1,target_workload_gini,Target-workload Gini,25,0.136,0.154,-0.018,0,-11.6883116883117,NaN,-0.043,0.00600000000000001,-26.7515923566879,4.10958904109588,0.181212366747809,0.724849466991238,-0.35672514619883,pilot/exploratory paired effort-selected minus makespan-selected contrast
308,20,PI,ideal,3,1,total_messages,Total messages,25,280,251.68,28.32,29,11.2523839796567,NaN,18.799,37.28,7.30881410340567,15.0928343989059,0.000106188283785444,0.000505266667352503,0.886153846153846,pilot/exploratory paired effort-selected minus makespan-selected contrast
299,20,PI,ideal,3,1,total_team_steps,Total team steps,25,100.32,108.28,-7.96,-7,-7.35131141485039,NaN,-11.96,-3.92,-10.8336767138688,-3.69802222540843,0.00174610780041871,0.00698443120167485,-0.73,pilot/exploratory paired effort-selected minus makespan-selected contrast
