trial_id,trial_mode,algorithm,comm_model,comm_level,grid_size,grid_cells,robot_count,target_count,condition_id,scenario_file,target_locations,completed_target_count,all_targets_visited,final_target_completion_time_s,final_target_completion_sim_time_s,targets_found_by_robot,robot_start_locations,robot_end_locations,events_processed,stall_recoveries_total,trial_status
0,known_visit,HIPC,ideal,1.0,19,361,4,5,targets_5_hipc_h1_ideal,C:\Users\lottj\Desktop\research\decentralized benchmark\commitment-horizon-study\scenarios\known_visit_g19_t5_n25.csv,"(10,12);(15,17);(16,5);(18,18);(2,11)",5,True,33.6686033018498,33.6686033018498,00:0;01:1;02:2;03:2,"(0,0);(0,6);(0,12);(0,18)","(13,0);(16,5);(10,16);(18,18)",183,0,completed
1,known_visit,HIPC,ideal,1.0,19,361,4,5,targets_5_hipc_h1_ideal,C:\Users\lottj\Desktop\research\decentralized benchmark\commitment-horizon-study\scenarios\known_visit_g19_t5_n25.csv,"(6,10);(3,16);(7,16);(10,1);(0,8)",5,True,17.415182714601627,17.415182714601627,00:1;01:1;02:1;03:2,"(0,0);(0,6);(0,12);(0,18)","(10,1);(2,9);(6,10);(7,16)",102,0,completed
2,known_visit,HIPC,ideal,1.0,19,361,4,5,targets_5_hipc_h1_ideal,C:\Users\lottj\Desktop\research\decentralized benchmark\commitment-horizon-study\scenarios\known_visit_g19_t5_n25.csv,"(11,5);(9,8);(7,14);(2,13);(6,6)",5,True,25.771424518699792,25.771424518699792,00:1;01:2;02:2;03:0,"(0,0);(0,6);(0,12);(0,18)","(11,5);(9,8);(7,14);(7,18)",152,0,completed
3,known_visit,HIPC,ideal,1.0,19,361,4,5,targets_5_hipc_h1_ideal,C:\Users\lottj\Desktop\research\decentralized benchmark\commitment-horizon-study\scenarios\known_visit_g19_t5_n25.csv,"(17,11);(3,15);(1,18);(7,6);(1,16)",5,True,36.180003955179174,36.180003955179174,00:0;01:2;02:1;03:2,"(0,0);(0,6);(0,12);(0,18)","(4,0);(17,11);(4,15);(2,14)",242,0,completed
4,known_visit,HIPC,ideal,1.0,19,361,4,5,targets_5_hipc_h1_ideal,C:\Users\lottj\Desktop\research\decentralized benchmark\commitment-horizon-study\scenarios\known_visit_g19_t5_n25.csv,"(16,4);(18,8);(10,9);(18,7);(0,7)",5,True,38.589493583644916,38.589493583644916,00:1;01:1;02:3;03:0,"(0,0);(0,6);(0,12);(0,18)","(16,4);(17,7);(18,7);(4,10)",212,0,completed
5,known_visit,HIPC,ideal,1.0,19,361,4,5,targets_5_hipc_h1_ideal,C:\Users\lottj\Desktop\research\decentralized benchmark\commitment-horizon-study\scenarios\known_visit_g19_t5_n25.csv,"(6,13);(13,10);(17,11);(4,4);(3,2)",5,True,37.0474259376862,37.0474259376862,00:1;01:1;02:3;03:0,"(0,0);(0,6);(0,12);(0,18)","(3,2);(5,4);(17,11);(11,11)",232,0,completed
6,known_visit,HIPC,ideal,1.0,19,361,4,5,targets_5_hipc_h1_ideal,C:\Users\lottj\Desktop\research\decentralized benchmark\commitment-horizon-study\scenarios\known_visit_g19_t5_n25.csv,"(5,3);(0,2);(18,10);(4,4);(15,5)",5,True,43.41111310065378,43.41111310065378,00:1;01:3;02:0;03:1,"(0,0);(0,6);(0,12);(0,18)","(14,5);(15,5);(2,6);(18,10)",256,0,completed
7,known_visit,HIPC,ideal,1.0,19,361,4,5,targets_5_hipc_h1_ideal,C:\Users\lottj\Desktop\research\decentralized benchmark\commitment-horizon-study\scenarios\known_visit_g19_t5_n25.csv,"(3,12);(12,6);(11,9);(18,10);(18,11)",5,True,37.836799378795625,37.836799378795625,00:0;01:3;02:2;03:0,"(0,0);(0,6);(0,12);(0,18)","(11,1);(18,11);(17,10);(15,18)",211,0,completed
8,known_visit,HIPC,ideal,1.0,19,361,4,5,targets_5_hipc_h1_ideal,C:\Users\lottj\Desktop\research\decentralized benchmark\commitment-horizon-study\scenarios\known_visit_g19_t5_n25.csv,"(1,9);(5,12);(12,11);(12,3);(8,6)",5,True,28.768244798268054,28.768244798268054,00:1;01:1;02:2;03:1,"(0,0);(0,6);(0,12);(0,18)","(12,3);(8,6);(12,11);(5,12)",161,0,completed
9,known_visit,HIPC,ideal,1.0,19,361,4,5,targets_5_hipc_h1_ideal,C:\Users\lottj\Desktop\research\decentralized benchmark\commitment-horizon-study\scenarios\known_visit_g19_t5_n25.csv,"(11,11);(5,17);(9,14);(0,2);(15,0)",5,True,31.850778597452823,31.850778597452823,00:2;01:0;02:1;03:2,"(0,0);(0,6);(0,12);(0,18)","(15,0);(7,6);(11,11);(9,14)",189,0,completed
10,known_visit,HIPC,ideal,1.0,19,361,4,5,targets_5_hipc_h1_ideal,C:\Users\lottj\Desktop\research\decentralized benchmark\commitment-horizon-study\scenarios\known_visit_g19_t5_n25.csv,"(4,6);(17,7);(6,4);(2,9);(5,2)",5,True,36.95001415883955,36.95001415883955,00:1;01:3;02:1;03:0,"(0,0);(0,6);(0,12);(0,18)","(5,2);(17,7);(3,7);(5,18)",244,0,completed
11,known_visit,HIPC,ideal,1.0,19,361,4,5,targets_5_hipc_h1_ideal,C:\Users\lottj\Desktop\research\decentralized benchmark\commitment-horizon-study\scenarios\known_visit_g19_t5_n25.csv,"(2,12);(0,8);(5,10);(2,1);(18,8)",5,True,32.57480279181381,32.57480279181381,00:1;01:2;02:2;03:0,"(0,0);(0,6);(0,12);(0,18)","(2,1);(18,8);(5,10);(2,18)",223,0,completed
12,known_visit,HIPC,ideal,1.0,19,361,4,5,targets_5_hipc_h1_ideal,C:\Users\lottj\Desktop\research\decentralized benchmark\commitment-horizon-study\scenarios\known_visit_g19_t5_n25.csv,"(16,3);(2,14);(18,11);(0,2);(3,2)",5,True,38.55426345075788,38.55426345075788,00:3;01:0;02:2;03:0,"(0,0);(0,6);(0,12);(0,18)","(16,3);(2,3);(18,11);(2,15)",246,0,completed
13,known_visit,HIPC,ideal,1.0,19,361,4,5,targets_5_hipc_h1_ideal,C:\Users\lottj\Desktop\research\decentralized benchmark\commitment-horizon-study\scenarios\known_visit_g19_t5_n25.csv,"(0,8);(16,15);(6,9);(3,2);(8,8)",5,True,31.637957681696314,31.637957681696314,00:1;01:3;02:0;03:1,"(0,0);(0,6);(0,12);(0,18)","(3,2);(8,8);(8,9);(16,15)",199,0,completed
14,known_visit,HIPC,ideal,1.0,19,361,4,5,targets_5_hipc_h1_ideal,C:\Users\lottj\Desktop\research\decentralized benchmark\commitment-horizon-study\scenarios\known_visit_g19_t5_n25.csv,"(13,10);(10,18);(17,7);(16,7);(16,5)",5,True,34.88270081997265,34.88270081997265,00:0;01:2;02:2;03:1,"(0,0);(0,6);(0,12);(0,18)","(16,2);(17,7);(16,7);(13,15)",181,0,completed
15,known_visit,HIPC,ideal,1.0,19,361,4,5,targets_5_hipc_h1_ideal,C:\Users\lottj\Desktop\research\decentralized benchmark\commitment-horizon-study\scenarios\known_visit_g19_t5_n25.csv,"(6,10);(15,0);(6,6);(16,9);(17,18)",5,True,30.47940660259414,30.47940660259414,00:1;01:2;02:1;03:1,"(0,0);(0,6);(0,12);(0,18)","(15,0);(16,9);(6,10);(17,18)",168,0,completed
16,known_visit,HIPC,ideal,1.0,19,361,4,5,targets_5_hipc_h1_ideal,C:\Users\lottj\Desktop\research\decentralized benchmark\commitment-horizon-study\scenarios\known_visit_g19_t5_n25.csv,"(11,14);(11,7);(15,13);(14,16);(5,3)",5,True,30.089778548521142,30.089778548521142,00:1;01:1;02:2;03:1,"(0,0);(0,6);(0,12);(0,18)","(5,8);(11,8);(15,13);(14,16)",162,0,completed
17,known_visit,HIPC,ideal,1.0,19,361,4,5,targets_5_hipc_h1_ideal,C:\Users\lottj\Desktop\research\decentralized benchmark\commitment-horizon-study\scenarios\known_visit_g19_t5_n25.csv,"(15,11);(17,14);(6,15);(7,10);(7,2)",5,True,33.63098020692929,33.63098020692929,00:1;01:2;02:1;03:1,"(0,0);(0,6);(0,12);(0,18)","(7,2);(15,11);(17,14);(8,15)",195,0,completed
18,known_visit,HIPC,ideal,1.0,19,361,4,5,targets_5_hipc_h1_ideal,C:\Users\lottj\Desktop\research\decentralized benchmark\commitment-horizon-study\scenarios\known_visit_g19_t5_n25.csv,"(3,2);(16,9);(5,2);(2,16);(8,2)",5,True,31.29529988363514,31.29529988363514,00:3;01:0;02:1;03:1,"(0,0);(0,6);(0,12);(0,18)","(8,2);(4,3);(16,9);(2,13)",201,0,completed
19,known_visit,HIPC,ideal,1.0,19,361,4,5,targets_5_hipc_h1_ideal,C:\Users\lottj\Desktop\research\decentralized benchmark\commitment-horizon-study\scenarios\known_visit_g19_t5_n25.csv,"(4,16);(16,18);(1,11);(13,10);(3,0)",5,True,33.30291631958904,33.30291631958904,00:1;01:0;02:2;03:2,"(0,0);(0,6);(0,12);(0,18)","(3,0);(7,6);(13,10);(16,18)",210,0,completed
20,known_visit,HIPC,ideal,1.0,19,361,4,5,targets_5_hipc_h1_ideal,C:\Users\lottj\Desktop\research\decentralized benchmark\commitment-horizon-study\scenarios\known_visit_g19_t5_n25.csv,"(12,12);(7,6);(6,17);(9,14);(17,12)",5,True,35.06143551044249,35.06143551044249,00:0;01:1;02:3;03:1,"(0,0);(0,6);(0,12);(0,18)","(7,0);(12,11);(17,12);(8,14)",210,0,completed
21,known_visit,HIPC,ideal,1.0,19,361,4,5,targets_5_hipc_h1_ideal,C:\Users\lottj\Desktop\research\decentralized benchmark\commitment-horizon-study\scenarios\known_visit_g19_t5_n25.csv,"(6,18);(8,12);(14,14);(3,16);(5,14)",5,True,34.04695575377396,34.04695575377396,00:0;01:0;02:3;03:2,"(0,0);(0,6);(0,12);(0,18)","(5,3);(8,11);(14,14);(6,18)",209,0,completed
22,known_visit,HIPC,ideal,1.0,19,361,4,5,targets_5_hipc_h1_ideal,C:\Users\lottj\Desktop\research\decentralized benchmark\commitment-horizon-study\scenarios\known_visit_g19_t5_n25.csv,"(18,8);(17,6);(18,13);(13,10);(4,14)",5,True,39.89615693950837,39.89615693950837,00:1;01:2;02:2;03:0,"(0,0);(0,6);(0,12);(0,18)","(17,6);(18,8);(18,13);(14,15)",209,0,completed
23,known_visit,HIPC,ideal,1.0,19,361,4,5,targets_5_hipc_h1_ideal,C:\Users\lottj\Desktop\research\decentralized benchmark\commitment-horizon-study\scenarios\known_visit_g19_t5_n25.csv,"(2,16);(12,8);(8,3);(8,0);(11,15)",5,True,23.077862101837503,23.077862101837503,00:2;01:1;02:1;03:1,"(0,0);(0,6);(0,12);(0,18)","(8,3);(12,8);(11,15);(5,15)",129,0,completed
24,known_visit,HIPC,ideal,1.0,19,361,4,5,targets_5_hipc_h1_ideal,C:\Users\lottj\Desktop\research\decentralized benchmark\commitment-horizon-study\scenarios\known_visit_g19_t5_n25.csv,"(14,12);(7,11);(12,1);(6,17);(17,12)",5,True,31.755114577126577,31.755114577126577,00:1;01:0;02:3;03:1,"(0,0);(0,6);(0,12);(0,18)","(12,1);(7,11);(17,12);(11,12)",178,0,completed
